chromosome	position	pred_index	allele_ref	allele_alt
9	136293870	disease_causing_automatic	G	C
9	136302010	disease_causing	C	T
9	136310057	polymorphism	G	A
9	136287578	polymorphism	C	G
9	136307825	polymorphism	C	T
9	136307848	polymorphism	G	A
9	136314986	polymorphism	G	A
9	136305552	polymorphism	G	A
9	136302008	polymorphism_automatic	G	T
9	136319589	polymorphism_automatic	G	A
2	189871691	disease_causing_automatic	G	T
2	189869038	disease_causing_automatic	G	T
2	189870933	disease_causing_automatic	G	A
2	189869028	disease_causing_automatic	G	A
2	189872272	disease_causing_automatic	G	A
2	189868984	disease_causing	G	A
2	189872263	disease_causing	G	T
2	189870131	disease_causing	G	A
2	189868852	disease_causing	G	A
2	189871072	disease_causing	G	T
2	189872281	disease_causing	G	C
2	189868816	disease_causing	G	T
2	189868862	disease_causing	G	A
2	189870139	disease_causing	G	C
2	189871126	disease_causing	G	T
2	189870176	disease_causing	G	A
2	189871108	disease_causing	G	A
2	189869056	disease_causing	G	T
2	189869074	disease_causing	G	C
2	189871673	disease_causing	G	T
2	189871080	disease_causing	G	T
2	189872236	disease_causing	G	A
23	37663139	disease_causing_automatic	C	A
23	37668857	disease_causing_automatic	A	G
23	37651276	disease_causing_automatic	C	T
23	37653046	disease_causing_automatic	G	A
23	37651277	disease_causing_automatic	A	G
23	37655345	disease_causing_automatic	C	T
23	37663143	disease_causing_automatic	C	G
23	37652939	disease_causing	T	C
23	37664351	disease_causing	C	A
23	37663157	disease_causing	G	A
23	37663167	disease_causing	T	A
23	37664351	disease_causing	C	G
23	37653002	disease_causing	T	C
23	37664351	disease_causing	C	T
23	37663167	disease_causing	T	G
23	37653004	disease_causing	T	C
23	37663197	disease_causing	G	A
23	37664366	disease_causing	T	C
23	37642777	disease_causing	G	A
23	37642791	disease_causing	T	C
23	37642849	disease_causing	G	A
23	37651295	disease_causing	T	G
23	37664321	disease_causing	T	G
23	37652923	disease_causing	C	T
23	37664330	disease_causing	G	A
23	37663151	disease_causing	A	C
23	37652936	disease_causing	A	G
23	37663293	disease_causing	A	G
23	37663299	disease_causing	G	C
23	37663308	disease_causing	G	T
23	37663326	disease_causing	T	C
23	37663337	disease_causing	T	C
23	37664273	disease_causing	G	A
23	37664273	disease_causing	G	C
23	37664276	disease_causing	C	T
23	37655385	disease_causing	A	G
23	37655391	disease_causing	C	G
23	37655394	disease_causing	A	T
23	37658263	disease_causing	T	C
23	37658263	disease_causing	T	G
23	37658264	disease_causing	G	A
23	37663205	disease_causing	A	T
23	37664371	disease_causing	T	C
23	37655297	disease_causing	T	C
23	37663229	disease_causing	T	C
23	37665658	disease_causing	T	C
23	37655298	disease_causing	C	T
23	37663244	disease_causing	C	A
23	37668856	disease_causing	G	A
23	37655333	disease_causing	T	A
23	37663244	disease_causing	C	T
23	37668856	disease_causing	G	C
23	37663248	disease_causing	C	A
23	37668856	disease_causing	G	T
23	37663254	disease_causing	C	A
23	37655346	disease_causing	A	G
23	37655384	disease_causing	C	A
23	37663254	disease_causing	C	T
23	37655384	disease_causing	C	T
23	37668872	disease_causing	T	C
23	37668872	disease_causing	T	G
23	37670058	disease_causing	T	A
23	37670066	disease_causing	T	C
23	37670082	disease_causing	T	C
23	37670094	disease_causing	T	C
23	37670159	disease_causing	G	A
23	37641416	disease_causing	T	G
23	37642759	disease_causing	C	A
23	37642761	disease_causing	A	G
23	37642762	disease_causing	G	T
23	37642765	disease_causing	C	A
23	37642768	disease_causing	C	T
23	37642771	disease_causing	C	A
23	37642776	disease_causing	T	C
23	37642777	disease_causing	G	T
23	37642778	disease_causing	C	G
23	37663257	disease_causing	T	A
23	37663259	disease_causing	A	C
23	37663263	disease_causing	C	T
7	31010798	disease_causing_automatic	T	A
7	31013667	disease_causing_automatic	C	A
7	31013727	disease_causing_automatic	T	G
7	31011640	disease_causing	C	T
7	31018852	polymorphism_automatic	T	C
4	68619786	disease_causing_automatic	C	T
4	68619737	disease_causing_automatic	T	C
4	68606334	disease_causing_automatic	T	C
4	68606400	disease_causing_automatic	C	T
4	68619638	disease_causing_automatic	C	T
4	68619668	disease_causing_automatic	G	T
4	68619543	disease_causing	C	T
16	57685159	disease_causing_automatic	C	T
16	57685310	disease_causing_automatic	A	G
16	57689897	disease_causing	T	C
19	50826951	disease_causing_automatic	C	T
2	48915206	disease_causing_automatic	G	A
2	48915876	disease_causing_automatic	C	T
2	48950828	disease_causing_automatic	A	G
2	48915062	disease_causing_automatic	A	T
2	48915245	disease_causing_automatic	T	C
2	48915309	disease_causing_automatic	A	G
2	48915089	disease_causing_automatic	G	T
2	48915159	disease_causing_automatic	C	G
2	48915203	disease_causing_automatic	T	C
2	48915312	disease_causing_automatic	T	G
2	48915221	disease_causing_automatic	G	A
2	48915233	disease_causing_automatic	G	A
2	48915566	disease_causing_automatic	A	C
2	48915743	disease_causing_automatic	A	G
2	48915818	disease_causing_automatic	G	A
2	48915195	disease_causing	A	G
2	48950649	disease_causing	A	T
2	48915213	disease_causing	T	G
2	48915204	disease_causing	C	A
16	3293205	disease_causing_automatic	C	T
16	3293310	disease_causing_automatic	A	G
16	3297171	disease_causing_automatic	G	A
16	3293529	disease_causing_automatic	C	T
16	3304268	disease_causing_automatic	G	A
16	3293520	disease_causing	T	G
16	3306464	disease_causing	G	A
16	3297183	disease_causing	C	T
16	3293403	polymorphism	T	C
16	3293541	polymorphism	A	G
16	3293566	polymorphism	T	A
16	3293567	polymorphism	G	C
16	3293593	polymorphism	C	T
16	3293880	polymorphism	A	G
16	3299736	polymorphism	C	T
16	3304380	polymorphism	C	T
16	3304538	polymorphism	G	A
16	3304739	polymorphism	A	G
16	3293403	polymorphism	T	A
16	3293445	polymorphism	G	A
16	3293506	polymorphism	C	T
16	3293377	polymorphism	C	T
6	162683724	disease_causing_automatic	G	T
6	161771208	disease_causing	A	G
6	161781161	disease_causing	G	T
6	161990390	disease_causing	C	G
6	161771219	disease_causing	G	A
6	161771237	disease_causing	C	A
6	161771240	disease_causing	C	T
6	162683694	polymorphism	G	A
6	161781225	polymorphism_automatic	C	T
3	148459667	disease_causing_automatic	C	T
21	45706554	disease_causing_automatic	A	G
21	45709569	disease_causing_automatic	G	T
21	45705933	disease_causing	G	T
21	45705936	disease_causing	C	T
21	45705951	disease_causing	C	T
21	45705972	disease_causing	T	C
21	45705975	disease_causing	T	C
21	45706537	disease_causing	T	C
21	45706546	disease_causing	T	G
21	45706561	disease_causing	A	G
21	45706576	disease_causing	A	G
21	45706581	disease_causing	C	T
21	45706585	disease_causing	T	G
21	45705911	disease_causing	C	T
21	45706597	disease_causing	T	C
21	45705932	disease_causing	C	T
21	45711075	disease_causing	C	A
21	45711075	disease_causing	C	T
21	45717588	disease_causing	C	T
21	45710990	disease_causing	G	A
21	45710999	disease_causing	G	A
21	45711030	disease_causing	G	A
21	45711006	polymorphism	G	C
21	45709642	polymorphism	C	T
23	153171297	disease_causing_automatic	C	T
23	153171799	disease_causing_automatic	A	G
23	153171097	disease_causing_automatic	T	A
23	153171270	disease_causing_automatic	C	T
23	153171273	disease_causing_automatic	T	G
23	153171213	disease_causing_automatic	G	A
23	153171574	disease_causing_automatic	A	G
23	153171355	disease_causing_automatic	C	A
23	153171501	disease_causing_automatic	C	T
23	153171513	disease_causing_automatic	G	T
23	153171562	disease_causing_automatic	G	A
23	153171567	disease_causing_automatic	C	T
23	153171364	disease_causing	T	C
23	153172034	disease_causing	G	C
23	153171369	disease_causing	C	T
23	153171088	disease_causing	T	C
23	153171370	disease_causing	G	A
23	153171091	disease_causing	T	C
23	153171370	disease_causing	G	T
23	153171118	disease_causing	T	G
23	153171123	disease_causing	A	C
23	153171123	disease_causing	A	G
23	153171136	disease_causing	T	C
23	153171145	disease_causing	T	C
23	153171199	disease_causing	A	G
23	153171208	disease_causing	T	A
23	153171208	disease_causing	T	C
23	153171211	disease_causing	C	A
23	153171222	disease_causing	G	A
23	153171235	disease_causing	A	G
23	153171241	disease_causing	T	A
23	153171244	disease_causing	C	T
23	153171276	disease_causing	C	T
23	153171280	disease_causing	G	A
23	153171294	disease_causing	T	C
23	153171295	disease_causing	G	A
23	153171388	disease_causing	G	C
23	153171451	disease_causing	G	C
23	153171459	disease_causing	T	A
23	153171460	disease_causing	C	T
23	153171477	disease_causing	C	T
23	153171481	disease_causing	A	T
23	153171532	disease_causing	A	G
23	153171577	disease_causing	T	A
23	153171775	disease_causing	T	A
23	153171324	disease_causing	G	C
23	153171328	disease_causing	T	A
23	153171816	disease_causing	C	T
23	153171337	disease_causing	C	T
23	153171817	disease_causing	C	G
23	153171340	disease_causing	C	T
23	153171817	disease_causing	C	T
23	153171343	disease_causing	A	C
23	153171840	disease_causing	G	C
23	153171348	disease_causing	A	T
23	153172030	disease_causing	C	T
23	153172031	disease_causing	C	A
23	153171609	disease_causing	C	A
23	153171616	disease_causing	T	C
23	153171616	disease_causing	T	G
23	153171571	disease_causing	C	A
23	153171580	disease_causing	C	A
23	153171585	disease_causing	A	T
23	153171601	disease_causing	T	C
23	153171564	polymorphism	C	T
23	153171085	polymorphism_automatic	C	T
23	39934345	disease_causing_automatic	G	A
15	91312789	disease_causing_automatic	C	T
15	91337484	disease_causing_automatic	G	T
15	91326128	disease_causing	T	C
15	91328160	disease_causing	G	A
15	91328190	disease_causing	G	A
15	91333910	disease_causing	G	T
15	91333942	disease_causing	C	T
15	91337568	disease_causing	A	T
15	91337574	disease_causing	G	A
15	91306241	disease_causing	G	A
15	91306328	disease_causing	A	G
15	91312783	disease_causing	T	C
15	91304204	polymorphism	A	G
15	91295110	polymorphism_automatic	C	T
5	40959622	disease_causing_automatic	C	A
5	40958298	disease_causing	G	A
5	40934477	disease_causing	T	G
5	40955653	disease_causing	A	C
5	40972666	polymorphism	G	C
5	40972682	polymorphism	G	A
5	40945397	polymorphism	G	A
5	40945391	polymorphism	G	A
5	39341369	disease_causing_automatic	A	C
5	39306856	polymorphism	A	T
5	39315911	polymorphism	G	C
10	18828274	disease_causing_automatic	C	T
10	18828645	disease_causing	C	T
23	47485461	disease_causing_automatic	A	C
23	47486219	disease_causing_automatic	C	A
23	47487606	disease_causing_automatic	G	A
23	47485897	disease_causing	C	G
23	47485898	disease_causing	A	C
23	47485823	disease_causing	G	A
23	47485831	disease_causing	T	C
2	99006159	disease_causing_automatic	C	T
2	99012480	disease_causing_automatic	C	T
2	99012481	disease_causing_automatic	G	A
2	99012505	disease_causing_automatic	C	G
2	99012861	disease_causing_automatic	C	T
2	99013218	disease_causing_automatic	G	A
2	99008352	polymorphism	G	A
12	48380171	disease_causing_automatic	C	A
12	48379358	disease_causing_automatic	G	A
12	48379747	disease_causing	C	T
12	48380136	disease_causing	C	T
12	48380868	disease_causing	C	A
12	48379739	disease_causing	C	T
15	45402093	disease_causing_automatic	G	A
15	45393014	polymorphism_automatic	G	C
1	231509787	disease_causing_automatic	G	C
9	130582213	disease_causing_automatic	C	A
9	130605435	disease_causing	A	G
9	130605437	disease_causing	C	A
9	130588001	disease_causing	A	G
9	130588091	disease_causing	C	T
9	130580575	polymorphism	C	T
9	130587153	polymorphism	A	G
9	130587538	polymorphism	A	G
9	130616612	polymorphism	A	G
17	56274355	disease_causing_automatic	G	A
17	56270789	disease_causing	C	A
17	56274571	disease_causing	C	T
17	56280447	disease_causing	A	T
17	56277106	polymorphism	T	A
2	128050302	disease_causing_automatic	T	G
2	128050361	disease_causing_automatic	A	G
10	50678722	disease_causing_automatic	G	C
10	50680476	disease_causing	A	C
10	50690894	disease_causing	G	A
10	50732644	disease_causing	G	C
10	50678881	polymorphism	G	A
10	50732139	polymorphism	C	T
10	50667021	polymorphism_automatic	G	A
3	172165593	disease_causing_automatic	G	T
22	19711704	disease_causing_automatic	A	G
22	19711763	disease_causing_automatic	G	C
3	128780602	disease_causing_automatic	T	C
3	128780652	disease_causing_automatic	T	C
3	128780692	disease_causing_automatic	A	G
3	128780749	disease_causing_automatic	T	C
3	128780764	disease_causing_automatic	A	G
3	128780794	disease_causing_automatic	T	C
3	128780920	polymorphism	G	A
9	103027117	disease_causing_automatic	T	C
9	103015399	disease_causing	C	G
7	150648599	disease_causing_automatic	C	T
7	150671913	disease_causing_automatic	T	G
7	150647399	disease_causing_automatic	C	T
7	150648809	disease_causing_automatic	C	G
7	150648737	disease_causing_automatic	G	A
7	150646072	disease_causing_automatic	C	T
7	150646083	disease_causing_automatic	G	A
7	150649662	disease_causing_automatic	T	C
7	150648799	disease_causing_automatic	G	A
7	150648638	disease_causing	G	C
7	150648640	disease_causing	G	A
7	150648643	disease_causing	G	A
7	150648650	disease_causing	A	G
7	150648656	disease_causing	C	T
7	150648671	disease_causing	C	T
7	150648680	disease_causing	C	T
7	150648694	disease_causing	G	A
7	150648703	disease_causing	A	G
7	150648800	disease_causing	C	T
7	150648826	disease_causing	A	G
7	150648881	disease_causing	G	A
7	150648889	disease_causing	C	T
7	150649569	disease_causing	C	T
7	150649649	disease_causing	G	A
7	150649787	disease_causing	G	A
7	150654468	disease_causing	G	A
7	150654573	disease_causing	G	A
7	150656761	disease_causing	A	C
7	150671805	disease_causing	T	C
7	150671808	disease_causing	G	C
7	150671810	disease_causing	T	G
7	150671819	disease_causing	A	G
7	150671846	disease_causing	A	G
7	150645954	disease_causing	T	A
7	150646069	disease_causing	G	A
7	150646122	disease_causing	A	G
7	150646122	disease_causing	A	C
7	150647304	disease_causing	G	A
7	150671849	disease_causing	A	C
7	150654497	disease_causing	G	C
7	150648592	disease_causing	A	G
7	150648593	disease_causing	C	G
7	150648595	disease_causing	T	C
7	150648596	disease_causing	T	C
7	150648604	disease_causing	C	A
7	150648605	disease_causing	C	T
7	150648619	disease_causing	C	T
7	150648776	disease_causing	A	G
7	150648790	disease_causing	A	G
7	150644428	disease_causing	C	A
7	150654408	disease_causing	T	A
7	150648703	disease_causing	A	C
7	150671874	disease_causing	C	G
7	150671891	disease_causing	G	T
7	150647400	disease_causing	G	A
7	150648569	disease_causing	T	C
7	150648731	disease_causing	C	T
7	150671910	disease_causing	A	C
7	150671939	disease_causing	C	T
7	150648572	disease_causing	C	T
7	150671949	disease_causing	C	G
7	150671966	disease_causing	C	A
7	150648583	disease_causing	T	C
7	150648767	disease_causing	C	G
7	150672008	disease_causing	T	G
7	150648587	disease_causing	G	A
7	150648767	disease_causing	C	A
7	150644909	polymorphism	G	A
7	150655537	polymorphism	G	A
7	150649763	polymorphism	G	A
10	78850191	disease_causing_automatic	T	C
11	2594209	disease_causing_automatic	G	C
11	2549189	disease_causing_automatic	A	G
11	2799233	disease_causing_automatic	C	T
11	2799239	disease_causing_automatic	G	A
11	2790132	disease_causing_automatic	G	A
11	2604678	disease_causing_automatic	C	T
11	2606443	disease_causing_automatic	G	A
11	2594100	disease_causing_automatic	G	A
11	2594101	disease_causing_automatic	G	A
11	2594112	disease_causing_automatic	C	T
11	2594193	disease_causing_automatic	G	A
11	2799220	disease_causing_automatic	C	T
11	2591915	disease_causing	G	A
11	2591931	disease_causing	A	C
11	2591949	disease_causing	G	A
11	2591960	disease_causing	G	C
11	2592596	disease_causing	G	C
11	2592624	disease_causing	C	T
11	2593283	disease_causing	G	A
11	2593286	disease_causing	C	T
11	2593287	disease_causing	G	A
11	2593308	disease_causing	T	A
11	2593319	disease_causing	G	A
11	2594076	disease_causing	G	A
11	2594092	disease_causing	T	C
11	2594137	disease_causing	A	G
11	2604669	disease_causing	C	G
11	2604671	disease_causing	G	A
11	2604675	disease_causing	C	T
11	2604682	disease_causing	C	G
11	2604683	disease_causing	G	A
11	2604687	disease_causing	A	C
11	2604687	disease_causing	A	G
11	2604692	disease_causing	G	A
11	2604701	disease_causing	C	G
11	2604765	disease_causing	C	A
11	2604765	disease_causing	C	T
11	2604767	disease_causing	C	T
11	2604774	disease_causing	C	T
11	2606455	disease_causing	C	G
11	2606467	disease_causing	T	C
11	2606520	disease_causing	G	A
11	2606505	disease_causing	C	T
11	2797262	disease_causing	C	T
11	2798227	disease_causing	C	T
11	2606526	disease_causing	T	C
11	2608843	disease_causing	C	T
11	2466660	disease_causing	A	G
11	2549241	disease_causing	T	G
11	2591858	disease_causing	G	A
11	2797196	disease_causing	C	T
11	2591900	disease_causing	C	T
11	2797214	disease_causing	C	T
11	2591901	disease_causing	G	A
11	2591912	disease_causing	G	A
11	2591912	disease_causing	G	C
11	2606506	disease_causing	G	A
11	2606506	disease_causing	G	C
11	2591916	disease_causing	G	C
11	2592569	disease_causing	G	A
11	2594184	disease_causing	G	A
11	2799245	disease_causing	G	A
11	2799254	disease_causing	G	A
11	2869129	polymorphism	G	A
11	2869001	polymorphism	C	T
11	2608920	polymorphism	G	A
11	2869144	polymorphism	G	A
11	2610034	polymorphism_automatic	C	G
20	62076083	disease_causing_automatic	G	A
20	62070003	disease_causing_automatic	C	T
20	62070962	disease_causing_automatic	C	T
20	62071027	disease_causing_automatic	T	C
20	62076080	disease_causing_automatic	T	C
20	62073848	disease_causing_automatic	G	A
20	62076062	disease_causing_automatic	G	A
20	62073835	disease_causing	G	C
8	133187704	disease_causing_automatic	C	A
8	133187719	disease_causing_automatic	T	C
1	41285131	disease_causing_automatic	T	A
1	41285137	disease_causing_automatic	G	C
1	41285554	disease_causing_automatic	T	C
1	41285852	disease_causing_automatic	G	A
1	41285565	disease_causing	G	T
1	41285565	disease_causing	G	A
9	2729465	disease_causing_automatic	G	A
9	2718506	disease_causing_automatic	C	G
9	2718515	disease_causing	C	T
9	2718116	disease_causing	T	A
9	2718802	disease_causing	T	C
9	2717797	polymorphism	G	A
9	2729696	polymorphism	A	G
12	91449319	disease_causing_automatic	T	C
12	91449415	disease_causing_automatic	G	T
19	918604	disease_causing_automatic	T	C
19	919563	disease_causing_automatic	T	C
19	920708	disease_causing_automatic	G	C
19	920035	disease_causing	T	C
19	920441	polymorphism	G	T
19	919933	polymorphism_automatic	G	A
3	49168562	disease_causing_automatic	G	A
3	49168561	disease_causing_automatic	C	T
3	49168248	disease_causing_automatic	A	G
3	49160612	disease_causing	G	A
13	108862211	disease_causing_automatic	C	T
13	108862784	disease_causing_automatic	C	T
13	108862772	disease_causing	T	A
13	108862778	disease_causing	T	C
13	108862872	disease_causing	T	C
13	108861645	polymorphism	T	C
12	40734206	disease_causing_automatic	T	C
12	40692927	disease_causing_automatic	A	G
12	40677699	disease_causing_automatic	C	T
12	40704237	disease_causing_automatic	G	A
12	40714916	disease_causing_automatic	A	G
12	40734202	disease_causing_automatic	G	A
12	40734182	disease_causing	T	C
12	40717058	disease_causing	T	C
12	40692148	disease_causing	G	A
12	40702420	disease_causing	A	G
12	40704236	disease_causing	C	G
12	40728833	disease_causing	G	A
12	40707778	disease_causing	G	A
12	40713899	disease_causing	T	C
12	40651150	disease_causing	T	G
12	40668473	disease_causing	T	C
12	40709068	disease_causing	T	A
12	40619063	polymorphism	G	T
12	40677813	polymorphism	G	T
12	40687446	polymorphism	A	G
12	40692235	polymorphism	C	G
12	40757242	polymorphism	C	T
12	40757212	polymorphism	A	G
12	40757328	polymorphism	G	A
12	40707861	polymorphism_automatic	C	T
16	89986546	disease_causing_automatic	G	C
16	89986130	disease_causing	T	C
16	89986132	disease_causing	G	C
16	89986117	polymorphism_automatic	C	T
18	13885297	disease_causing_automatic	C	A
18	13884766	disease_causing_automatic	C	A
18	13885199	disease_causing_automatic	C	T
18	13884757	disease_causing_automatic	T	C
18	13885109	disease_causing_automatic	G	A
18	13885136	disease_causing_automatic	G	A
18	13885081	disease_causing	C	T
18	13885211	disease_causing	C	T
19	7593806	disease_causing_automatic	G	T
19	7594059	disease_causing_automatic	C	T
19	7593768	disease_causing	A	G
19	7592763	disease_causing	A	C
19	7591404	disease_causing	T	C
19	7594579	disease_causing	T	C
17	56350186	disease_causing_automatic	A	C
17	56350196	disease_causing_automatic	G	A
17	56350895	disease_causing_automatic	C	T
17	56350901	disease_causing_automatic	G	A
17	56356914	disease_causing_automatic	T	C
17	56355397	disease_causing_automatic	G	A
17	56356502	disease_causing_automatic	A	G
17	56355280	disease_causing	T	C
1	171605283	disease_causing_automatic	A	G
1	171605570	disease_causing_automatic	T	C
1	171605313	disease_causing_automatic	T	C
1	171605489	disease_causing_automatic	C	A
1	171605471	disease_causing_automatic	G	A
1	171605271	disease_causing_automatic	A	G
1	171605304	disease_causing	C	A
1	171605315	disease_causing	C	T
1	171605441	disease_causing	T	C
1	171605450	disease_causing	G	A
1	171621594	disease_causing	A	G
1	171605085	disease_causing	T	A
1	171605138	disease_causing	G	A
1	171605139	disease_causing	G	T
1	171605172	disease_causing	G	A
1	171605185	disease_causing	G	C
1	171605499	disease_causing	G	A
1	171605526	disease_causing	C	T
1	171621508	polymorphism	G	A
1	171605522	polymorphism	G	A
1	171605076	polymorphism	A	G
1	171605150	polymorphism	A	T
1	171605702	polymorphism	G	T
1	171605246	polymorphism	G	A
1	171605150	polymorphism	A	C
17	29528062	disease_causing_automatic	T	C
17	29557391	disease_causing_automatic	T	G
17	29541542	disease_causing_automatic	A	G
17	29562648	disease_causing_automatic	T	C
17	29664448	disease_causing_automatic	C	A
17	29541599	disease_causing_automatic	T	C
17	29585518	disease_causing_automatic	A	G
17	29661901	disease_causing_automatic	T	C
17	29663768	disease_causing_automatic	T	C
17	29550473	disease_causing	T	G
17	29550482	disease_causing	T	C
17	29550488	disease_causing	A	G
17	29550550	disease_causing	T	G
17	29552261	disease_causing	C	T
17	29553535	disease_causing	T	C
17	29553586	disease_causing	A	G
17	29554272	disease_causing	T	C
17	29554545	disease_causing	G	C
17	29554554	disease_causing	C	A
17	29554557	disease_causing	A	C
17	29556163	disease_causing	C	T
17	29556164	disease_causing	T	C
17	29556164	disease_causing	T	G
17	29556173	disease_causing	T	C
17	29556176	disease_causing	G	A
17	29556250	disease_causing	C	T
17	29556326	disease_causing	T	C
17	29556392	disease_causing	T	C
17	29556905	disease_causing	T	G
17	29559110	disease_causing	A	G
17	29586074	disease_causing	G	C
17	29587421	disease_causing	A	G
17	29592335	disease_causing	A	G
17	29592353	disease_causing	C	T
17	29654601	disease_causing	G	T
17	29663378	disease_causing	G	A
17	29496986	disease_causing	A	T
17	29527521	disease_causing	T	C
17	29527561	disease_causing	A	T
17	29585519	disease_causing	A	G
17	29586054	disease_causing	T	C
17	29527564	disease_causing	A	G
17	29586069	disease_causing	A	C
17	29546090	disease_causing	T	C
17	29548872	disease_causing	T	C
17	29665805	disease_causing	A	C
17	29667646	disease_causing	C	T
17	29679384	disease_causing	A	C
17	29686006	disease_causing	G	T
17	29664532	disease_causing	T	A
17	29664855	disease_causing	C	G
17	29670033	disease_causing	G	A
17	29684308	disease_causing	A	G
17	29483032	disease_causing	A	G
17	29486044	disease_causing	C	A
17	29486068	disease_causing	C	T
17	29486101	disease_causing	G	A
17	29490265	disease_causing	T	G
17	29559843	disease_causing	T	C
17	29490349	disease_causing	T	C
17	29559870	disease_causing	A	G
17	29490385	disease_causing	T	A
17	29560020	disease_causing	G	A
17	29560101	disease_causing	T	G
17	29560110	disease_causing	T	G
17	29497010	disease_causing	T	G
17	29560133	disease_causing	C	G
17	29508500	disease_causing	T	C
17	29560133	disease_causing	C	T
17	29562669	disease_causing	G	C
17	29562746	disease_causing	C	G
17	29562747	disease_causing	G	A
17	29562747	disease_causing	G	C
17	29585476	disease_causing	A	G
17	29585506	disease_causing	A	C
17	29585507	disease_causing	A	G
17	29527462	disease_causing	G	A
17	29553484	disease_causing	C	T
17	29541548	polymorphism	A	G
23	153420077	disease_causing_automatic	T	C
23	153421944	disease_causing	C	T
23	153416362	polymorphism	C	A
7	128413840	disease_causing_automatic	G	A
7	128414599	disease_causing_automatic	A	G
16	2164490	disease_causing_automatic	A	G
16	2168022	disease_causing_automatic	C	A
16	2153486	disease_causing	C	T
16	2153611	disease_causing	A	G
16	2152605	disease_causing	A	G
16	2153296	disease_causing	T	G
16	2153771	disease_causing	G	C
16	2153803	disease_causing	G	T
16	2156476	disease_causing	G	A
16	2156620	disease_causing	G	A
16	2156666	disease_causing	G	A
16	2157943	disease_causing	A	C
16	2158419	disease_causing	G	A
16	2159301	disease_causing	A	T
16	2161672	disease_causing	C	T
16	2169371	disease_causing	G	A
16	2150045	disease_causing	C	T
16	2152536	disease_causing	T	C
16	2153747	disease_causing	C	T
16	2153756	disease_causing	C	T
16	2153686	polymorphism	C	T
16	2152468	polymorphism	G	A
16	2157964	polymorphism	G	A
16	2147891	polymorphism	G	A
16	2147913	polymorphism	C	T
16	2154573	polymorphism	A	C
16	2155393	polymorphism	G	A
16	2156239	polymorphism	T	A
16	2149932	polymorphism	C	T
16	2153581	polymorphism	A	G
16	2152630	polymorphism	T	C
16	2156840	polymorphism	C	G
15	89870432	disease_causing_automatic	C	T
15	89864109	disease_causing_automatic	C	A
15	89864114	disease_causing_automatic	T	C
15	89864184	disease_causing_automatic	G	A
15	89864974	disease_causing_automatic	T	C
15	89865023	disease_causing_automatic	C	T
15	89865073	disease_causing_automatic	T	C
15	89866657	disease_causing_automatic	C	G
15	89868751	disease_causing_automatic	G	A
15	89868870	disease_causing_automatic	G	A
15	89872286	disease_causing_automatic	A	C
15	89873415	disease_causing_automatic	G	A
15	89873488	disease_causing_automatic	G	A
15	89876978	disease_causing_automatic	C	G
15	89864210	disease_causing	C	T
15	89864425	disease_causing	C	T
15	89868895	disease_causing	G	A
15	89870429	disease_causing	T	C
15	89862570	disease_causing	G	C
15	89860723	disease_causing	G	A
15	89870539	disease_causing	C	A
15	89861818	disease_causing	G	A
15	89861938	disease_causing	C	T
15	89861941	disease_causing	C	T
15	89861943	disease_causing	G	C
15	89861968	disease_causing	G	A
15	89862208	disease_causing	C	A
15	89862295	disease_causing	C	T
15	89872271	disease_causing	C	A
15	89864121	disease_causing	G	A
15	89864150	disease_causing	C	T
15	89861826	polymorphism_automatic	T	C
20	5283212	disease_causing_automatic	T	C
20	5283323	disease_causing_automatic	A	C
20	5283350	disease_causing	C	T
20	5294762	disease_causing	C	T
20	5282973	disease_causing	G	A
20	5283308	disease_causing	C	G
3	46939426	disease_causing_automatic	C	T
3	46944033	disease_causing_automatic	C	G
3	46944258	disease_causing_automatic	T	G
3	46940181	disease_causing_automatic	A	G
3	46944032	disease_causing_automatic	A	C
3	46939587	disease_causing	C	T
3	46945000	polymorphism	G	A
8	95403868	disease_causing_automatic	T	C
8	95411768	disease_causing_automatic	C	A
8	95392585	disease_causing	C	G
8	95416309	disease_causing	T	A
5	86665638	disease_causing_automatic	G	A
5	86645126	disease_causing	A	G
5	86645121	disease_causing	G	T
5	86645129	disease_causing	A	G
3	129251096	disease_causing_automatic	A	G
3	129247727	disease_causing_automatic	G	C
3	129251107	disease_causing_automatic	G	A
3	129247917	disease_causing_automatic	G	A
3	129247626	disease_causing_automatic	C	T
3	129247734	disease_causing_automatic	C	G
3	129247644	disease_causing_automatic	C	A
3	129251132	disease_causing_automatic	A	G
3	129251183	disease_causing_automatic	T	G
3	129251195	disease_causing_automatic	A	C
3	129247836	disease_causing_automatic	T	A
3	129249760	disease_causing_automatic	C	T
3	129249761	disease_causing_automatic	G	T
3	129249805	disease_causing_automatic	G	A
3	129249848	disease_causing_automatic	C	A
3	129251479	disease_causing_automatic	C	T
3	129251554	disease_causing_automatic	C	A
3	129251565	disease_causing_automatic	A	G
3	129247842	disease_causing_automatic	G	A
3	129247845	disease_causing_automatic	G	A
3	129249868	disease_causing_automatic	C	T
3	129252553	disease_causing_automatic	C	T
3	129247857	disease_causing_automatic	C	T
3	129247620	disease_causing_automatic	A	G
3	129247905	disease_causing_automatic	G	A
3	129251222	disease_causing	T	G
3	129251227	disease_causing	T	C
3	129251479	disease_causing	C	G
3	129252539	disease_causing	C	T
3	129252547	disease_causing	G	A
3	129252553	disease_causing	C	G
3	129252554	disease_causing	C	A
3	129252554	disease_causing	C	G
3	129247587	disease_causing	C	A
3	129252554	disease_causing	C	T
3	129247644	disease_causing	C	T
3	129247695	disease_causing	T	G
3	129247707	disease_causing	T	C
3	129247713	disease_causing	T	G
3	129247728	disease_causing	G	T
3	129247749	disease_causing	C	G
3	129247892	disease_causing	G	T
3	129247905	disease_causing	G	T
3	129249731	disease_causing	T	G
3	129249737	disease_causing	C	T
3	129249749	disease_causing	T	C
3	129249760	disease_causing	C	G
3	129249848	disease_causing	C	T
3	129249856	disease_causing	T	C
3	129249869	disease_causing	C	A
3	129249869	disease_causing	C	T
3	129251095	disease_causing	T	A
3	129251104	disease_causing	G	A
3	129251119	disease_causing	T	C
3	129251126	disease_causing	G	A
3	129251131	disease_causing	G	A
3	129251131	disease_causing	G	T
3	129251195	disease_causing	A	G
3	129251210	disease_causing	T	A
13	32351535	disease_causing_automatic	A	C
13	32352714	polymorphism	A	G
2	166201176	disease_causing_automatic	G	A
2	166210789	disease_causing_automatic	C	A
2	166229841	disease_causing_automatic	G	A
2	166231210	disease_causing_automatic	C	T
2	166243391	disease_causing_automatic	C	G
2	166165737	disease_causing	G	A
17	62022962	disease_causing_automatic	T	C
17	62022968	disease_causing_automatic	G	A
17	62022974	disease_causing_automatic	C	T
17	62019317	disease_causing_automatic	A	T
17	62019344	disease_causing_automatic	A	C
17	62021185	disease_causing_automatic	G	A
17	62022068	disease_causing_automatic	C	T
17	62029226	disease_causing_automatic	G	A
17	62034787	disease_causing_automatic	G	A
17	62034874	disease_causing_automatic	C	T
17	62036629	disease_causing_automatic	C	T
17	62036638	disease_causing_automatic	C	T
17	62041947	disease_causing_automatic	C	T
17	62018868	disease_causing_automatic	T	C
17	62018877	disease_causing_automatic	C	T
17	62019275	disease_causing_automatic	C	T
17	62019299	disease_causing_automatic	C	T
17	62019300	disease_causing_automatic	G	A
17	62022985	disease_causing	G	T
17	62034875	disease_causing	G	C
17	62034875	disease_causing	G	A
17	62036630	disease_causing	G	C
2	217300218	disease_causing_automatic	T	A
2	217315650	disease_causing_automatic	C	T
2	217311786	disease_causing_automatic	C	T
2	217297508	disease_causing	G	C
2	217297533	disease_causing	G	A
2	217297545	disease_causing	C	T
2	217303179	disease_causing	C	T
2	217303180	disease_causing	G	A
2	217311766	disease_causing	C	T
2	217315647	disease_causing	C	T
2	217315651	disease_causing	G	A
2	217315656	disease_causing	A	C
2	217315657	disease_causing	A	C
2	217329353	disease_causing	T	G
2	217329363	disease_causing	C	T
2	217340011	disease_causing	T	G
2	217340038	disease_causing	G	A
2	217341863	disease_causing	G	A
2	217300109	disease_causing	G	A
2	217341866	disease_causing	T	G
2	217281004	disease_causing	T	C
2	217288395	disease_causing	A	C
2	217279554	polymorphism	G	A
11	121038785	disease_causing_automatic	A	G
11	121037374	disease_causing	G	A
11	121037361	disease_causing	C	T
11	120996243	disease_causing	C	T
11	121008502	disease_causing	A	C
11	121008492	polymorphism	G	A
11	120973430	polymorphism_automatic	A	G
11	101323793	disease_causing_automatic	C	T
11	101323799	disease_causing_automatic	G	A
11	101374892	disease_causing_automatic	A	T
11	101375272	disease_causing_automatic	T	C
11	101375365	disease_causing_automatic	G	T
14	81609832	disease_causing_automatic	C	T
14	81562985	disease_causing_automatic	A	G
14	81554306	disease_causing_automatic	G	A
14	81609916	disease_causing_automatic	G	A
14	81609928	disease_causing_automatic	T	C
14	81610059	disease_causing_automatic	G	A
14	81610417	disease_causing_automatic	G	A
14	81558891	disease_causing_automatic	C	G
14	81610200	disease_causing_automatic	T	C
14	81558907	disease_causing_automatic	T	A
14	81609330	disease_causing_automatic	C	T
14	81609572	disease_causing_automatic	T	G
14	81609630	disease_causing_automatic	G	A
14	81609693	disease_causing_automatic	G	A
14	81610299	disease_causing_automatic	G	C
14	81609760	disease_causing_automatic	T	C
14	81610317	disease_causing_automatic	C	T
14	81609802	disease_causing_automatic	T	C
14	81610342	disease_causing	C	T
14	81610350	disease_causing	A	T
14	81610411	disease_causing	A	G
14	81610297	disease_causing	C	T
14	81610545	disease_causing	A	G
14	81563026	disease_causing	T	A
14	81606085	disease_causing	T	C
14	81606172	disease_causing	G	A
14	81606172	disease_causing	G	C
14	81606172	disease_causing	G	T
14	81609751	disease_causing	G	A
14	81609789	disease_causing	A	G
14	81609858	disease_causing	A	T
14	81609860	disease_causing	C	G
14	81609894	disease_causing	G	A
14	81609937	disease_causing	T	G
14	81610105	disease_causing	T	C
14	81610191	disease_causing	G	C
14	81610191	disease_causing	G	T
14	81610258	disease_causing	A	G
14	81610270	disease_causing	C	T
14	81610290	disease_causing	A	C
14	81610294	disease_causing	T	G
14	81610296	disease_causing	A	G
14	81610299	disease_causing	G	T
14	81610431	disease_causing	C	G
14	81609718	disease_causing	T	C
14	81609721	disease_causing	T	C
14	81422124	polymorphism	G	A
14	81610570	polymorphism	A	T
14	81610634	polymorphism	C	G
16	20360316	disease_causing_automatic	C	A
16	20359575	disease_causing_automatic	A	G
16	20359974	disease_causing	A	G
16	20359620	disease_causing	A	C
16	20359859	disease_causing	C	T
16	20359879	disease_causing	G	C
16	20359949	disease_causing	G	T
16	20360180	disease_causing	C	T
16	20360240	disease_causing	T	C
16	20360247	disease_causing	A	G
16	20360393	disease_causing	C	T
16	20359955	disease_causing	C	T
17	72919026	disease_causing_automatic	A	G
12	6128730	disease_causing_automatic	G	A
12	6153488	disease_causing_automatic	C	A
12	6131999	disease_causing_automatic	A	G
12	6153515	disease_causing_automatic	T	C
12	6128739	disease_causing	A	C
12	6128749	disease_causing	C	T
12	6128757	disease_causing	A	G
12	6128770	disease_causing	A	C
12	6128892	disease_causing	T	G
12	6128661	disease_causing	C	G
12	6128667	disease_causing	C	T
12	6128667	disease_causing	C	A
12	6128697	disease_causing	A	G
12	6128509	disease_causing	C	T
12	6128562	disease_causing	C	G
12	6128562	disease_causing	C	A
12	6128563	disease_causing	G	A
12	6128574	disease_causing	G	A
12	6128613	disease_causing	C	G
12	6128641	disease_causing	G	A
12	6128643	disease_causing	A	T
12	6128644	disease_causing	C	A
12	6128655	disease_causing	G	A
12	6128659	disease_causing	T	C
12	6128661	disease_causing	C	T
12	6061588	disease_causing	G	C
12	6131126	disease_causing	C	T
12	6131977	disease_causing	G	A
12	6132055	disease_causing	C	A
12	6134756	disease_causing	C	A
12	6143904	disease_causing	C	T
12	6143966	disease_causing	C	A
12	6145653	disease_causing	C	T
12	6153464	disease_causing	G	A
12	6153537	disease_causing	A	G
12	6153540	disease_causing	C	T
12	6153545	disease_causing	C	T
12	6166099	disease_causing	G	C
12	6174316	disease_causing	A	T
12	6219651	disease_causing	C	T
12	6219651	disease_causing	C	A
12	6220102	disease_causing	A	G
12	6230421	disease_causing	C	G
12	6058212	disease_causing	C	T
12	6058221	disease_causing	G	T
12	6058282	disease_causing	G	A
12	6058296	disease_causing	G	A
12	6058361	disease_causing	A	C
12	6061660	disease_causing	C	T
12	6103090	disease_causing	G	A
12	6103106	disease_causing	A	C
12	6122796	disease_causing	G	T
12	6127668	disease_causing	A	G
12	6127743	disease_causing	T	C
12	6127774	disease_causing	C	A
12	6127899	disease_causing	A	G
12	6127917	disease_causing	T	C
12	6127956	disease_causing	G	A
12	6127968	disease_causing	A	T
12	6128067	disease_causing	G	A
12	6128070	disease_causing	C	T
12	6128076	disease_causing	A	G
12	6128185	disease_causing	G	A
12	6128202	disease_causing	G	T
12	6128211	disease_causing	C	T
12	6128275	disease_causing	C	T
12	6128311	disease_causing	T	A
12	6128436	disease_causing	A	G
12	6128479	disease_causing	A	T
12	6128499	disease_causing	T	G
12	6128898	polymorphism	A	C
12	6127846	polymorphism	G	C
12	6092372	polymorphism	C	T
12	6128787	polymorphism	G	T
12	6128245	polymorphism	C	G
12	6153555	polymorphism	G	A
12	6128679	polymorphism	T	C
12	6127794	polymorphism	C	A
12	6127837	polymorphism	G	A
12	6127845	polymorphism	A	G
12	6128782	polymorphism	G	T
12	6153501	polymorphism	T	C
12	6078424	polymorphism_automatic	A	T
17	48542690	disease_causing	G	A
1	155028450	disease_causing	C	A
15	65214210	polymorphism	G	C
15	65209705	polymorphism	C	T
19	17396344	disease_causing	G	A
19	17395038	polymorphism	G	A
19	17394981	polymorphism	G	A
11	94231451	disease_causing	C	T
16	4747336	disease_causing	A	G
16	4780077	disease_causing	C	T
16	4747039	polymorphism	C	T
15	101152612	disease_causing	G	T
15	101170188	disease_causing	T	G
10	117075090	disease_causing	T	G
10	117226753	disease_causing	G	A
17	41234546	disease_causing	A	G
17	41258504	disease_causing	A	C
17	41276047	disease_causing	C	T
17	41243659	disease_causing	A	G
17	41258495	disease_causing	A	C
17	41244100	disease_causing	G	A
17	41276049	disease_causing	A	G
17	41276086	disease_causing	C	T
17	41246155	disease_causing	A	C
17	41244669	polymorphism	C	T
17	41243821	polymorphism	T	C
17	41245071	polymorphism	G	T
17	41244474	polymorphism	G	A
17	41223111	polymorphism	A	G
17	41245893	polymorphism	C	A
17	41246512	polymorphism	G	A
17	41244873	polymorphism	A	G
17	41244886	polymorphism	G	A
17	41245027	polymorphism	G	A
17	41245045	polymorphism	G	A
17	41243937	polymorphism	C	A
17	41244132	polymorphism	C	A
17	41244408	polymorphism	A	G
17	41219673	polymorphism	A	G
12	108008872	disease_causing	A	C
12	108012066	disease_causing	G	A
12	108051319	disease_causing	G	A
12	108051310	polymorphism	G	A
7	1131825	disease_causing	A	C
7	1097947	polymorphism	G	A
3	53839087	disease_causing	A	C
3	53535676	disease_causing	G	T
3	53836194	disease_causing	A	G
16	11000755	disease_causing	T	C
16	11004113	disease_causing	T	C
16	4431165	disease_causing	T	C
17	43893886	disease_causing	C	T
18	77477863	disease_causing	T	C
18	77488996	disease_causing	G	A
15	44783015	disease_causing	T	G
15	44813571	disease_causing	A	C
15	44783018	disease_causing	A	G
10	124593223	disease_causing	C	T
10	124597053	disease_causing	C	T
10	124600798	polymorphism	C	A
3	42906737	disease_causing	C	T
3	42906116	polymorphism_automatic	T	C
16	72132672	disease_causing	T	G
16	72133166	disease_causing	A	G
16	72134399	disease_causing	A	G
6	132058568	disease_causing	C	G
6	131974025	disease_causing	C	T
6	132014763	disease_causing	A	T
6	132045180	polymorphism	A	G
6	132047245	polymorphism_automatic	G	A
5	65320148	disease_causing	G	T
5	65321320	disease_causing	A	C
1	43308263	disease_causing	G	A
1	43308250	polymorphism	T	C
10	96336530	disease_causing	G	A
10	96348100	disease_causing	A	C
19	41787178	disease_causing	G	T
19	41785054	disease_causing	T	G
5	75991420	disease_causing	C	T
5	75960968	disease_causing	G	C
5	75969360	disease_causing	G	T
5	75885533	disease_causing	T	A
5	75964507	disease_causing	C	T
5	75948620	polymorphism	C	T
5	75936773	polymorphism	G	C
5	75936835	polymorphism	T	A
5	75996909	polymorphism_automatic	G	A
5	75906923	polymorphism_automatic	C	G
3	52817352	disease_causing	G	A
3	52816230	polymorphism	G	A
12	75442066	disease_causing	C	G
12	71955608	disease_causing	T	C
12	71974095	disease_causing	T	C
12	71977775	disease_causing	G	A
12	71977787	polymorphism_automatic	T	C
1	82456107	disease_causing	G	C
3	66434423	disease_causing	G	C
14	50081186	disease_causing	A	T
6	90340566	disease_causing	C	T
6	90340454	polymorphism	A	G
6	90340187	polymorphism_automatic	G	A
11	63884182	disease_causing	C	G
13	97995321	disease_causing	G	T
22	41077273	disease_causing	A	C
15	66191077	disease_causing	A	G
19	42861046	disease_causing	G	C
19	42866548	disease_causing	C	T
19	42874895	disease_causing	G	A
19	42880815	polymorphism	G	A
7	116340223	disease_causing	T	C
7	116417445	disease_causing	C	G
7	116415132	disease_causing	C	T
7	116340262	polymorphism_automatic	A	G
22	40819629	disease_causing	G	C
22	40814749	polymorphism	C	T
10	102740018	disease_causing	G	A
23	100105369	disease_causing	T	C
7	34851424	disease_causing	A	G
7	34867169	disease_causing	C	T
7	34818158	disease_causing	G	A
7	34698045	polymorphism	G	C
7	34867124	polymorphism_automatic	G	T
5	176696674	disease_causing	G	T
5	176684033	disease_causing	A	T
5	176684096	disease_causing	T	C
5	176687045	disease_causing	C	G
5	176687083	disease_causing	T	A
5	176707716	disease_causing	T	C
5	176707807	disease_causing	G	A
5	176709524	disease_causing	G	A
5	176709563	disease_causing	A	G
5	176710792	disease_causing	G	A
5	176710827	disease_causing	C	T
5	176710828	disease_causing	G	A
5	176636825	disease_causing	T	G
5	176722219	polymorphism	T	C
5	176673698	polymorphism	C	A
5	176721151	polymorphism_automatic	T	C
5	176722005	polymorphism_automatic	G	A
5	176721119	polymorphism_automatic	G	A
22	31289477	disease_causing	G	C
22	31266452	disease_causing	C	A
22	31286928	disease_causing	G	A
22	31091305	polymorphism	C	T
14	96986425	disease_causing	A	C
14	97022538	disease_causing	A	C
14	97027028	disease_causing	C	A
14	97029221	polymorphism	G	T
5	50129846	disease_causing	C	A
5	50074413	disease_causing	G	T
5	50123799	disease_causing	C	T
4	509807	disease_causing	C	G
4	524265	disease_causing	G	C
4	501195	disease_causing	T	C
4	494188	polymorphism	C	A
4	88959625	disease_causing	G	C
4	88964530	disease_causing	T	G
4	88967919	disease_causing	T	G
8	42202512	disease_causing	A	C
8	42226805	disease_causing	C	G
2	44428819	disease_causing	C	G
2	44428488	disease_causing	G	T
2	44428590	disease_causing	C	A
3	52282182	polymorphism	C	T
14	52741597	disease_causing	G	A
14	52734551	disease_causing	C	T
14	52741504	polymorphism	A	C
14	52735125	polymorphism	G	A
14	52781943	disease_causing	A	C
8	144690264	disease_causing	C	T
1	174418199	disease_causing	A	C
3	51664384	disease_causing	A	G
3	51680461	polymorphism	G	A
13	48986149	disease_causing	G	C
4	159569716	disease_causing	C	A
4	159566240	disease_causing	A	T
15	48063806	disease_causing	C	T
4	95129699	polymorphism	G	A
4	95173927	polymorphism	T	G
5	121786667	disease_causing	G	C
2	96942978	disease_causing	C	G
23	153042687	disease_causing	A	C
3	3888298	disease_causing	G	A
3	4355138	polymorphism_automatic	A	C
20	13251325	disease_causing	C	T
20	13251316	polymorphism_automatic	T	C
20	13260480	polymorphism_automatic	C	G
14	104472995	disease_causing	C	T
14	104500301	disease_causing	G	A
14	104492070	disease_causing	A	T
14	104470617	disease_causing	T	G
14	104472999	disease_causing	G	T
14	104422080	polymorphism	C	T
14	104429425	polymorphism	C	T
14	104472756	polymorphism_automatic	G	A
6	54219421	disease_causing	G	A
1	45806880	disease_causing	T	G
1	45806883	disease_causing	A	G
1	45809117	polymorphism	C	A
1	45808982	polymorphism	G	A
1	45808863	polymorphism_automatic	G	A
5	180661274	polymorphism	C	G
5	180661980	polymorphism_automatic	T	C
21	45846576	disease_causing	A	G
21	45844780	disease_causing	C	A
21	45856987	polymorphism	A	G
21	45799018	polymorphism	G	A
21	45856958	polymorphism	G	A
21	45820196	polymorphism_automatic	C	T
21	45786709	polymorphism_automatic	G	A
21	45821582	polymorphism_automatic	T	G
19	49699975	disease_causing	G	C
19	49703663	disease_causing	C	A
19	49693976	polymorphism	G	A
2	234891751	disease_causing	G	T
2	234851265	disease_causing	A	G
2	234875359	disease_causing	A	G
2	234869523	disease_causing	C	T
2	234875364	polymorphism	A	G
11	124007736	disease_causing	G	A
2	9676956	disease_causing	G	C
5	156918638	disease_causing	G	A
5	156915323	disease_causing	G	C
5	156908825	polymorphism	G	A
5	156964944	polymorphism_automatic	G	C
8	39626922	disease_causing	C	T
8	39613396	polymorphism	C	T
7	87704972	disease_causing	C	T
8	24349562	disease_causing	G	A
8	24359085	polymorphism	T	C
8	38880796	disease_causing	A	G
8	38912091	polymorphism	G	A
10	72489891	disease_causing	C	T
10	72462080	disease_causing	C	T
10	72496542	disease_causing	C	A
10	72462095	polymorphism_automatic	G	A
10	72434464	polymorphism_automatic	C	T
11	130319571	disease_causing	G	A
11	130340817	polymorphism	T	G
5	5146440	disease_causing	G	T
5	5182286	polymorphism	C	T
5	5239309	polymorphism	G	A
5	5318307	polymorphism	C	T
16	77398180	disease_causing	G	A
16	77401479	polymorphism	G	A
5	128932319	disease_causing	G	T
5	128958028	disease_causing	G	T
5	129072868	disease_causing	C	T
1	161163481	disease_causing	G	A
1	161163483	disease_causing	C	G
1	161168189	polymorphism_automatic	C	T
11	130278728	disease_causing	G	C
9	18795510	disease_causing	G	A
9	18574181	disease_causing	G	T
9	18776784	polymorphism	G	A
15	84527530	disease_causing	T	G
15	84706518	polymorphism	G	A
15	84324574	polymorphism	C	T
1	203098126	disease_causing	G	A
10	112839049	disease_causing	G	T
2	96780763	disease_causing	C	T
2	96781257	polymorphism_automatic	C	G
4	3768884	disease_causing	T	C
8	37822931	disease_causing	G	A
8	37823243	disease_causing	C	T
8	37823876	disease_causing	C	T
12	58120775	disease_causing	G	C
8	41554011	disease_causing	C	T
8	41543675	disease_causing	G	A
8	41557033	polymorphism	C	T
8	41530332	polymorphism	C	T
7	92017310	disease_causing	A	C
11	113266933	disease_causing	C	T
11	113270024	disease_causing	C	T
11	113270475	disease_causing	C	T
11	113264348	polymorphism	T	C
18	9195598	disease_causing	G	C
18	9255878	disease_causing	C	A
18	9256908	disease_causing	T	C
18	9258592	disease_causing	A	G
19	33135257	disease_causing	C	G
19	33089252	polymorphism	A	T
12	56648461	disease_causing	G	C
5	55466560	disease_causing	C	G
6	90315771	polymorphism_automatic	C	G
16	21261309	disease_causing	A	G
16	21262108	polymorphism	A	C
9	101518825	disease_causing	G	C
3	49017897	disease_causing	T	G
3	48965078	polymorphism_automatic	A	C
1	23765675	disease_causing	G	C
7	123256429	disease_causing	G	A
7	123269280	disease_causing	T	C
17	42254236	disease_causing	G	A
17	42255678	disease_causing	C	T
14	94405729	disease_causing	C	G
4	177142636	disease_causing	C	G
6	100960621	disease_causing	T	A
6	101099464	disease_causing	G	C
6	101103660	disease_causing	G	C
6	100960752	polymorphism	T	C
20	3584784	disease_causing	G	A
20	3578637	disease_causing	C	A
20	3556521	disease_causing	A	C
20	3541382	polymorphism_automatic	T	C
6	69348796	disease_causing	G	A
6	70071244	polymorphism	A	G
10	93748911	disease_causing	G	T
10	93749218	disease_causing	C	T
6	26506950	disease_causing	T	G
9	140952636	disease_causing	G	T
16	1268243	disease_causing	C	T
16	1258033	polymorphism	G	T
16	1250446	polymorphism	G	A
16	1268376	polymorphism_automatic	G	A
16	1269095	polymorphism_automatic	C	T
12	49218490	disease_causing	A	C
12	49221495	polymorphism	G	A
20	32207362	disease_causing	C	A
20	32228315	disease_causing	A	G
3	46414557	disease_causing	T	A
3	46415397	polymorphism	C	T
6	167549965	disease_causing	G	A
5	66479383	disease_causing	T	C
5	66481777	polymorphism_automatic	G	C
1	20931474	disease_causing	G	A
1	146757092	disease_causing	A	C
1	146763171	polymorphism	T	A
20	40040825	disease_causing	C	G
20	40161851	polymorphism	C	G
20	40079655	polymorphism_automatic	G	C
16	53256584	disease_causing	C	A
16	53262977	disease_causing	T	A
16	53265391	disease_causing	T	C
7	136700303	disease_causing	G	A
15	34355075	disease_causing	A	T
15	34355083	disease_causing	C	A
15	34356012	disease_causing	C	T
15	34356109	disease_causing	T	G
15	34356152	polymorphism_automatic	G	A
19	36508641	disease_causing	A	C
11	72040830	disease_causing	C	G
11	6262972	disease_causing	G	T
11	6265569	polymorphism	A	T
5	154254953	disease_causing	A	C
7	94055071	disease_causing	G	A
7	94055089	disease_causing	G	A
7	94055144	disease_causing	G	T
7	94055356	disease_causing	G	A
7	94055771	disease_causing	G	A
7	94056537	disease_causing	G	A
7	94056572	disease_causing	G	T
7	94056958	disease_causing	G	C
7	94056975	disease_causing	G	C
7	94057113	disease_causing	A	C
2	36704093	disease_causing	G	A
2	219269098	disease_causing	C	T
6	132271620	disease_causing	C	T
7	148480972	disease_causing	C	G
7	148480977	disease_causing	G	T
23	119669719	disease_causing	A	G
6	43172581	disease_causing	G	A
6	43170542	polymorphism	G	A
6	43156447	polymorphism	C	T
6	43188600	polymorphism_automatic	C	T
13	49281061	disease_causing	C	A
13	49281660	polymorphism_automatic	C	T
9	124526077	disease_causing	C	T
9	124535253	polymorphism_automatic	G	A
22	38891037	disease_causing	T	A
2	118583111	disease_causing	C	G
2	118588227	disease_causing	A	G
2	118578770	polymorphism	G	A
14	94526767	disease_causing	A	T
14	94545746	polymorphism	G	C
14	94546047	polymorphism_automatic	G	C
11	125781374	disease_causing	G	A
11	125788616	disease_causing	G	T
19	19033159	disease_causing	C	G
12	124092033	disease_causing	G	C
12	124093286	disease_causing	A	G
12	124104547	disease_causing	C	A
11	679723	disease_causing	C	T
11	687922	disease_causing	C	T
11	688003	disease_causing	T	A
11	688018	disease_causing	T	A
11	653966	disease_causing	C	A
11	653978	disease_causing	G	T
11	674547	disease_causing	C	T
11	674694	disease_causing	C	T
11	679706	disease_causing	C	G
11	644614	polymorphism	G	A
11	644614	polymorphism	G	C
11	674714	polymorphism	A	G
11	678759	polymorphism	T	A
11	674603	polymorphism	T	A
19	47883078	disease_causing	C	A
19	47856637	polymorphism	G	A
19	47883096	polymorphism_automatic	C	T
3	196807928	disease_causing	A	C
3	196921360	polymorphism_automatic	T	C
10	79590510	disease_causing	C	G
10	79571700	polymorphism	C	G
4	9783982	disease_causing	G	A
4	9784351	disease_causing	G	A
4	9784365	disease_causing	G	A
4	9784510	disease_causing	C	T
4	9784272	polymorphism	T	G
4	9784642	polymorphism	C	A
11	58956761	disease_causing	C	A
15	45437136	disease_causing	A	G
15	45444705	disease_causing	G	A
15	45446156	polymorphism	C	A
3	172525563	disease_causing	G	T
9	140693328	disease_causing	T	G
9	140611140	polymorphism	G	A
9	140611518	polymorphism	C	T
9	140611567	polymorphism	C	T
9	140611573	polymorphism	C	T
9	140638534	polymorphism	G	A
3	186504974	disease_causing	T	G
6	46107563	disease_causing	G	T
6	46107595	disease_causing	C	T
6	46108083	disease_causing	A	G
17	77709019	disease_causing	C	G
9	98683550	disease_causing	C	A
8	8877862	disease_causing	C	T
5	76128702	disease_causing	G	T
5	76129241	polymorphism	G	A
19	35940752	disease_causing	A	G
19	35941395	disease_causing	T	G
19	52272131	disease_causing	T	C
19	52272290	disease_causing	G	C
19	4305977	disease_causing	T	G
19	4312042	disease_causing	C	G
17	79770088	disease_causing	T	G
19	46180268	disease_causing	C	T
12	131471699	disease_causing	G	A
12	131475589	polymorphism	C	A
1	110086297	disease_causing	T	C
2	54081660	disease_causing	G	C
1	228335141	disease_causing	C	T
6	105233073	disease_causing	T	C
6	55145194	disease_causing	G	T
6	55145200	disease_causing	G	T
14	31637526	disease_causing	G	C
3	148759369	disease_causing	T	C
3	148781294	polymorphism	C	G
3	148757864	polymorphism_automatic	C	T
3	148786085	polymorphism_automatic	T	C
2	102828620	disease_causing	T	C
2	102818107	polymorphism	C	T
2	102851470	polymorphism_automatic	G	A
2	102842420	polymorphism_automatic	G	A
15	91026607	disease_causing	G	T
10	7765529	disease_causing	A	G
10	7774317	disease_causing	T	C
10	7749183	polymorphism_automatic	C	T
3	52836533	disease_causing	G	A
3	52836397	polymorphism	G	A
3	52841867	polymorphism	G	A
3	52841111	polymorphism	A	G
3	52833881	polymorphism_automatic	C	T
12	26777259	disease_causing	G	C
12	26639155	polymorphism_automatic	G	A
12	5021460	disease_causing	T	C
12	5153946	disease_causing	G	C
8	73848279	disease_causing	A	C
8	73849560	polymorphism	A	G
11	17793614	disease_causing	A	C
1	110765761	disease_causing	A	T
23	48823377	disease_causing	G	A
7	119914719	disease_causing	T	G
7	119915596	disease_causing	T	C
7	120387818	disease_causing	T	C
7	120385898	polymorphism	G	A
17	61601662	disease_causing	C	T
17	61613081	disease_causing	C	G
17	61619791	disease_causing	G	T
3	19575217	disease_causing	G	C
3	19574957	polymorphism	A	C
3	19575232	polymorphism	C	T
3	19575573	polymorphism	C	A
2	18112645	disease_causing	C	T
22	29490252	disease_causing	T	C
22	29490254	disease_causing	A	C
18	7050872	disease_causing	A	T
6	129775355	disease_causing	T	C
6	129794489	disease_causing	A	T
6	129704268	disease_causing	C	A
6	129634010	disease_causing	G	T
6	129722453	polymorphism	C	A
6	129573274	polymorphism	C	G
6	129837371	polymorphism	C	T
6	112430669	disease_causing	C	T
6	112441593	disease_causing	T	C
6	112462563	disease_causing	T	C
7	107594134	disease_causing	G	C
7	107600211	disease_causing	G	C
7	107601091	disease_causing	C	G
1	209789830	disease_causing	A	T
1	209806424	polymorphism	T	G
1	209806447	polymorphism	C	G
1	209796948	polymorphism	G	C
1	209797286	polymorphism	G	A
1	183101570	disease_causing	C	A
1	183102632	disease_causing	G	A
1	183111704	disease_causing	G	A
1	183194799	disease_causing	G	A
1	183197673	disease_causing	A	C
1	183207460	disease_causing	T	A
1	183208540	disease_causing	G	A
1	183187527	polymorphism	A	T
1	183177119	polymorphism	T	G
1	183205654	polymorphism	T	G
1	183184650	polymorphism_automatic	G	C
11	27390100	disease_causing	T	A
1	202287593	disease_causing	C	A
4	62758491	disease_causing	G	A
4	62758596	polymorphism	C	T
14	42356163	disease_causing	C	A
7	133848243	disease_causing	G	T
7	133863343	disease_causing	C	T
7	133868568	disease_causing	C	T
7	133886236	disease_causing	A	T
7	133842871	polymorphism	A	G
7	133943037	polymorphism	T	C
7	133906576	polymorphism	A	G
7	133906592	polymorphism	G	C
7	133943029	polymorphism	C	T
12	59266566	disease_causing	G	C
6	53767477	disease_causing	C	G
18	7231855	disease_causing	A	G
18	7231795	polymorphism	A	C
1	3700624	disease_causing	G	C
7	150034722	disease_causing	G	A
1	70505305	disease_causing	G	T
15	101605603	disease_causing	T	G
15	101606215	disease_causing	G	A
15	101605608	polymorphism	C	T
1	114157241	disease_causing	A	G
18	58039276	disease_causing	C	T
5	126791283	disease_causing	G	C
5	126732263	disease_causing	G	A
5	126783282	disease_causing	A	T
5	126754880	disease_causing	T	G
5	126754881	disease_causing	A	G
5	126746209	polymorphism	G	A
18	19348679	disease_causing	A	G
7	140154450	disease_causing	A	G
3	12616498	disease_causing	A	G
13	20237209	disease_causing	G	T
13	20240719	disease_causing	C	T
17	41955336	disease_causing	G	A
14	67768822	disease_causing	G	A
14	67770294	disease_causing	C	T
10	28347474	disease_causing	G	A
11	20907054	disease_causing	G	T
11	20948904	disease_causing	G	C
11	20948953	polymorphism_automatic	G	A
3	101576261	disease_causing	A	C
3	101576143	disease_causing	A	G
3	101571938	disease_causing	C	A
3	101571753	polymorphism	A	G
6	32169971	disease_causing	C	G
6	32185796	polymorphism_automatic	C	T
4	164271753	disease_causing	G	T
9	87339146	disease_causing	C	A
9	87482176	disease_causing	G	T
20	61386232	disease_causing	G	A
23	41333641	disease_causing	A	G
23	41333746	disease_causing	T	C
23	41333815	disease_causing	G	T
23	41333133	disease_causing	G	C
23	41333158	disease_causing	C	T
23	41333230	disease_causing	C	G
23	41333257	disease_causing	T	C
23	41333344	disease_causing	T	A
23	41333353	disease_causing	A	G
23	41333401	disease_causing	T	C
23	41333560	disease_causing	T	C
23	41333599	disease_causing	T	C
23	41333626	disease_causing	T	C
23	41334036	polymorphism	G	C
10	74658674	disease_causing	G	T
10	74684148	disease_causing	C	A
1	114523729	disease_causing	C	A
6	154411110	disease_causing	C	G
6	154411240	disease_causing	T	A
18	21759706	disease_causing	C	G
18	21913036	polymorphism	A	T
2	179170945	disease_causing	C	A
17	45895692	disease_causing	G	A
17	45895885	polymorphism	G	A
14	73719407	disease_causing	G	A
14	73731310	polymorphism	G	A
14	73727926	polymorphism	G	C
14	73726132	polymorphism	C	T
14	73727448	polymorphism	G	A
14	73721245	polymorphism	G	A
14	73729498	polymorphism_automatic	G	A
14	73726151	polymorphism_automatic	A	G
1	226590039	disease_causing	G	C
7	139724556	disease_causing	G	A
3	122420159	disease_causing	G	T
3	122418863	polymorphism	G	A
3	122422748	polymorphism	A	G
14	20819227	disease_causing	G	A
14	20825282	disease_causing	A	C
14	20822256	polymorphism	A	G
14	20822308	polymorphism_automatic	A	G
3	51979164	disease_causing	C	T
3	51977492	polymorphism	G	A
8	94934526	disease_causing	T	C
1	156884511	disease_causing	A	C
1	156882757	disease_causing	C	G
1	156878473	disease_causing	C	T
1	156875160	polymorphism	A	C
1	28800629	disease_causing	A	G
1	28806965	disease_causing	G	C
1	28792285	polymorphism	C	A
16	71748598	disease_causing	T	A
7	131913206	disease_causing	C	G
3	48451958	disease_causing	G	C
12	94618069	disease_causing	A	G
12	94603406	polymorphism	G	C
12	94620944	polymorphism	T	G
3	129305538	disease_causing	C	G
7	44118394	disease_causing	C	G
20	37547294	disease_causing	T	G
2	242098692	disease_causing	G	A
2	242099784	disease_causing	G	A
6	106553435	disease_causing	C	T
6	106555120	disease_causing	A	G
6	106552892	polymorphism	G	C
2	68882058	disease_causing	A	C
5	40681727	disease_causing	T	C
9	125143973	disease_causing	C	A
9	125152526	polymorphism	A	G
2	1651959	disease_causing	C	T
1	46736427	disease_causing	G	A
1	46743767	disease_causing	A	C
5	34757670	disease_causing	G	A
3	141328736	disease_causing	G	T
1	178412081	disease_causing	T	C
1	173930928	disease_causing	G	C
1	173915909	polymorphism_automatic	G	C
2	100055112	disease_causing	C	A
3	49737660	disease_causing	C	T
3	49740895	disease_causing	A	G
3	49742107	disease_causing	T	C
3	49737954	polymorphism_automatic	G	A
8	101270841	disease_causing	A	T
4	110749236	disease_causing	C	T
4	110758673	disease_causing	A	G
5	33938098	disease_causing	T	C
5	33938123	polymorphism	C	A
1	237586414	disease_causing	T	G
1	237608709	disease_causing	G	T
1	237777981	disease_causing	T	A
1	237778111	disease_causing	C	A
1	237666699	disease_causing	A	C
1	237755074	disease_causing	C	A
1	237758896	disease_causing	A	G
1	237619942	polymorphism	G	A
1	237951288	polymorphism	G	T
15	33927830	disease_causing	A	G
15	34130168	disease_causing	T	G
15	34032121	polymorphism	T	C
1	101705117	disease_causing	A	C
2	167298093	disease_causing	A	G
2	167262211	polymorphism	C	T
2	167284441	polymorphism	C	T
2	167300015	polymorphism	T	A
2	167301359	polymorphism	T	C
2	120231070	disease_causing	C	G
7	83634817	disease_causing	T	C
7	80374532	disease_causing	G	C
7	80378225	disease_causing	T	C
7	80378255	disease_causing	T	C
7	84629063	disease_causing	A	G
3	50224147	disease_causing	T	G
1	156132784	disease_causing	G	C
1	156132800	disease_causing	T	G
1	156146546	polymorphism	C	T
5	9050549	disease_causing	T	C
3	122634665	disease_causing	G	C
3	122642588	disease_causing	G	C
5	115782398	disease_causing	G	A
11	65824821	disease_causing	C	T
2	235950945	disease_causing	G	T
6	146209198	disease_causing	A	G
5	54701404	disease_causing	G	T
4	20597447	disease_causing	G	A
5	168180047	disease_causing	C	T
5	168139310	disease_causing	C	T
5	168149315	disease_causing	C	T
19	11144134	disease_causing	T	C
2	73449005	disease_causing	A	C
16	1828030	disease_causing	G	A
11	130066583	disease_causing	G	A
7	89856433	disease_causing	G	A
1	172520656	disease_causing	C	T
1	172558594	polymorphism	A	G
22	39822889	disease_causing	C	T
10	115980359	disease_causing	G	A
10	115962867	polymorphism	A	G
10	115947838	polymorphism	A	G
10	115970364	polymorphism	T	C
1	92200477	disease_causing	A	G
1	92327048	polymorphism	C	T
5	79355648	disease_causing	G	A
5	79366985	disease_causing	G	A
5	79372721	disease_causing	G	A
5	79363860	polymorphism	C	T
5	79373994	polymorphism_automatic	G	A
15	71535415	disease_causing	T	G
15	71548995	disease_causing	C	T
15	71952882	disease_causing	A	G
15	71952899	disease_causing	G	A
15	72037531	polymorphism	A	C
15	30011099	disease_causing	G	A
9	71869194	disease_causing	T	G
9	71840944	disease_causing	G	C
9	71863070	disease_causing	T	C
9	71861675	disease_causing	A	G
9	71852004	polymorphism_automatic	T	C
19	3733872	disease_causing	C	G
19	3736239	disease_causing	G	A
19	3750179	polymorphism	T	C
4	187004500	disease_causing	C	T
4	187000029	disease_causing	G	T
4	187003729	disease_causing	C	G
4	187003748	polymorphism	T	C
4	187005318	polymorphism	A	C
9	120475266	disease_causing	A	G
9	120470884	polymorphism	A	G
9	120475816	polymorphism	G	T
9	120475602	polymorphism_automatic	C	T
1	223284581	disease_causing	T	G
1	223284293	disease_causing	T	C
1	223284915	polymorphism	G	T
1	223286040	polymorphism	G	C
1	223284444	polymorphism	T	A
1	223285946	polymorphism_automatic	T	G
3	111794308	disease_causing	C	T
3	111775885	polymorphism	C	T
8	9590795	disease_causing	G	T
8	9590943	disease_causing	C	A
8	9592907	disease_causing	G	A
10	93590909	disease_causing	G	T
10	93621836	disease_causing	G	T
10	93622748	disease_causing	G	A
12	113704079	disease_causing	T	C
8	110099771	disease_causing	C	A
4	122824032	disease_causing	A	G
4	122853535	disease_causing	C	T
5	135601967	disease_causing	A	G
7	142625305	disease_causing	G	A
7	142609749	polymorphism_automatic	C	T
1	117644120	disease_causing	G	C
1	117631543	disease_causing	C	T
1	117635413	disease_causing	A	G
1	117644058	disease_causing	A	G
1	117617844	polymorphism	A	G
1	117634507	polymorphism	G	A
1	117617973	polymorphism	A	G
1	117618024	polymorphism	G	C
1	117619376	polymorphism	C	A
5	176304225	disease_causing	C	T
5	176304967	polymorphism_automatic	G	A
8	35579788	disease_causing	T	G
1	216373385	disease_causing	C	T
3	42577733	disease_causing	G	T
11	61040755	disease_causing	G	C
4	1902731	disease_causing	T	C
8	30922478	disease_causing	A	G
8	30969173	disease_causing	C	T
8	31012237	disease_causing	C	G
8	30938723	polymorphism	T	C
8	31000144	polymorphism	C	T
19	44065102	disease_causing	A	G
2	217012977	disease_causing	G	T
2	216983799	polymorphism	A	G
22	42049642	disease_causing	G	T
2	187368935	disease_causing	G	T
2	113067622	disease_causing	A	G
2	113069430	disease_causing	G	T
2	113082151	disease_causing	A	G
22	41747576	disease_causing	G	A
22	41751781	disease_causing	T	G
22	41751488	polymorphism	C	T
12	77199150	disease_causing	G	A
12	77235874	disease_causing	G	T
1	27179295	disease_causing	T	C
10	114205074	disease_causing	C	T
22	20130973	disease_causing	G	A
20	45905231	disease_causing	A	G
20	45878118	polymorphism	C	G
3	102181204	disease_causing	C	A
8	24193188	polymorphism	C	T
8	39133364	polymorphism	G	A
2	241463515	polymorphism	T	A
2	241468626	polymorphism	C	G
2	241468772	polymorphism	C	G
3	45943130	polymorphism	A	G
3	45942554	polymorphism	A	G
11	5664684	polymorphism	T	C
11	5663688	polymorphism	A	T
11	5664623	polymorphism	G	A
11	5632018	polymorphism_automatic	C	A
2	102788296	polymorphism	C	A
2	102781651	polymorphism	C	A
11	4903616	polymorphism	G	T
11	4904082	polymorphism	A	G
11	4928841	polymorphism_automatic	T	C
2	226446770	polymorphism	A	G
5	137257387	polymorphism	C	T
6	18399809	polymorphism	A	G
2	231152633	polymorphism	C	T
2	231120241	polymorphism	G	C
16	1129193	polymorphism	C	A
16	1129866	polymorphism	C	T
2	120020868	polymorphism	C	T
11	5719719	polymorphism	A	G
11	5729813	polymorphism	C	A
11	5730361	polymorphism	G	A
6	112386144	polymorphism	A	T
6	112382455	polymorphism	G	C
14	70926301	polymorphism	G	T
4	175898555	polymorphism	C	A
20	3655681	polymorphism	T	C
5	33881385	polymorphism	G	C
10	115803976	polymorphism	G	A
15	89173328	polymorphism	A	C
19	4199944	polymorphism	G	A
10	27311557	polymorphism	A	T
1	145561190	polymorphism	C	T
1	145561210	polymorphism	T	G
14	104561886	polymorphism	C	T
14	96707726	polymorphism	G	A
9	116131994	polymorphism	G	C
6	26459996	polymorphism	C	T
6	26408136	polymorphism	G	A
6	26409890	polymorphism_automatic	G	C
6	26452587	polymorphism	C	A
5	41159339	polymorphism	C	G
17	48653352	polymorphism	G	A
17	48701813	polymorphism	G	A
2	188245216	polymorphism	A	T
5	134345062	polymorphism	A	G
1	26524201	polymorphism	A	G
1	26520292	polymorphism_automatic	G	T
19	14512488	polymorphism	C	T
2	29380087	polymorphism	G	T
3	39307962	polymorphism	C	A
2	218999633	polymorphism	G	A
2	237489796	polymorphism	G	A
12	132624695	polymorphism	C	G
9	32459483	polymorphism	G	T
2	39088158	polymorphism	G	A
2	39088786	polymorphism	T	C
10	124392398	polymorphism	G	A
10	124392748	polymorphism	G	A
13	78492431	polymorphism	G	C
19	6926560	polymorphism	G	C
2	239039312	polymorphism	C	T
2	239038877	polymorphism	G	C
2	239009074	polymorphism_automatic	G	A
21	33887315	polymorphism	C	T
14	45636328	polymorphism	A	G
14	86089127	polymorphism	A	C
22	38219570	polymorphism	C	G
6	47650294	polymorphism	G	T
6	47682158	polymorphism	T	C
17	72366672	polymorphism	G	A
3	98251631	polymorphism	G	T
1	155257670	polymorphism	A	C
1	155258226	polymorphism	G	A
5	175110373	polymorphism	A	C
1	23519919	polymorphism	G	A
23	113961355	polymorphism	C	G
1	156507025	polymorphism	C	T
10	7621757	polymorphism	C	T
6	24596742	polymorphism	C	G
2	8873731	polymorphism	G	C
20	60884880	polymorphism	C	G
20	60893615	polymorphism	C	G
7	107720211	polymorphism	C	G
7	107696328	polymorphism	T	A
9	133942437	polymorphism	G	A
9	133942438	polymorphism	C	G
9	133954548	polymorphism_automatic	C	T
19	48631258	polymorphism	G	A
19	48640807	polymorphism	C	T
17	56327932	polymorphism	G	A
17	56324988	polymorphism_automatic	C	T
19	18507178	polymorphism	C	G
21	45877269	polymorphism	G	A
11	76370701	polymorphism	C	G
15	71276488	polymorphism	A	G
11	552127	polymorphism	C	A
14	24785092	polymorphism	G	T
6	160328310	polymorphism	T	C
6	29455355	polymorphism	T	A
8	6500561	polymorphism	G	T
8	6479042	polymorphism	C	A
8	6479189	polymorphism	A	G
8	6302981	polymorphism	A	G
8	6302985	polymorphism	A	G
8	6302033	polymorphism_automatic	A	G
16	14234467	polymorphism	G	T
23	154014527	polymorphism	G	A
17	41891655	polymorphism	C	T
13	109610107	polymorphism	T	G
13	109475610	polymorphism_automatic	G	A
1	236157128	polymorphism	C	G
14	52495459	polymorphism	A	T
14	52520746	polymorphism_automatic	G	T
8	120428816	polymorphism	G	T
8	120431506	polymorphism_automatic	G	A
5	102895072	polymorphism	T	C
12	113398968	polymorphism	G	A
12	113399046	polymorphism	C	T
12	113405328	polymorphism	G	A
13	53624889	polymorphism	T	A
9	127561723	polymorphism	G	A
9	127570165	polymorphism	G	A
9	127572357	polymorphism	A	C
1	161967937	polymorphism	G	C
10	88422062	polymorphism	G	A
10	88425498	polymorphism	C	T
10	88422028	polymorphism_automatic	C	G
13	25009522	polymorphism	A	T
13	25075864	polymorphism_automatic	T	C
20	58330339	polymorphism	C	T
20	58342349	polymorphism_automatic	C	T
7	47976489	polymorphism	T	A
7	47979864	polymorphism	G	C
7	47874579	polymorphism_automatic	G	C
22	46656247	polymorphism	G	T
11	59814469	polymorphism	C	A
11	59807978	polymorphism_automatic	G	A
3	121202345	polymorphism	C	T
3	121207143	polymorphism	G	T
3	121208611	polymorphism	G	A
3	121230799	polymorphism	G	A
22	22277485	polymorphism	G	C
8	67926685	polymorphism	C	G
10	47087078	polymorphism	G	A
19	14584465	polymorphism	G	A
19	47127410	polymorphism	C	T
19	47124742	polymorphism_automatic	G	C
1	186643541	polymorphism	C	T
12	21624398	polymorphism	T	A
19	5645403	polymorphism	T	C
19	5654135	polymorphism	C	A
3	38924811	polymorphism	G	C
2	166847921	polymorphism	A	G
1	151108177	polymorphism	C	G
1	151107304	polymorphism_automatic	C	G
21	37408491	polymorphism	G	C
10	70940135	polymorphism	C	A
6	132891953	polymorphism	G	A
6	132892332	polymorphism_automatic	G	A
6	132874289	polymorphism	G	A
6	132874814	polymorphism_automatic	A	C
17	61488943	polymorphism	T	C
6	169648760	polymorphism	C	T
4	38798693	polymorphism	A	C
4	38799509	polymorphism	G	A
3	133341989	polymorphism	T	C
2	1437348	polymorphism	C	A
2	1500529	polymorphism	T	C
2	1520672	polymorphism	C	T
6	30126303	polymorphism	T	A
1	228602563	polymorphism	G	C
4	165961889	polymorphism	A	T
4	189068513	polymorphism	A	C
10	73048445	polymorphism	C	T
10	73050774	polymorphism_automatic	G	A
8	38162154	polymorphism	G	C
8	144618480	polymorphism	G	T
3	113672879	polymorphism	G	A
19	39898467	polymorphism	C	T
19	39898521	polymorphism	C	T
3	50379032	polymorphism	C	T
17	4646696	polymorphism	G	A
11	60642424	polymorphism	A	C
7	76062798	polymorphism	G	A
8	39581417	polymorphism_automatic	A	G
8	39468128	polymorphism_automatic	A	T
8	39581395	polymorphism_automatic	T	A
5	633915	polymorphism_automatic	G	A
14	77950896	polymorphism_automatic	G	C
16	722997	polymorphism_automatic	G	A
22	32756241	polymorphism_automatic	G	A
6	125379112	polymorphism_automatic	G	A
15	74710638	polymorphism_automatic	A	T
6	30131585	polymorphism_automatic	G	A
6	30134987	polymorphism_automatic	C	T
6	30136302	polymorphism_automatic	C	G
17	15532147	polymorphism_automatic	G	A
9	73151140	polymorphism_automatic	T	A
5	178555097	polymorphism_automatic	C	T
2	202626437	polymorphism_automatic	T	C
2	219029843	polymorphism_automatic	A	C
11	113283484	polymorphism_automatic	G	C
6	132198239	polymorphism_automatic	C	G
6	132206079	polymorphism_automatic	C	T
6	46135884	polymorphism_automatic	C	G
4	22389797	polymorphism_automatic	A	C
6	142688969	polymorphism_automatic	A	G
6	142689042	polymorphism_automatic	T	A
18	22057204	polymorphism_automatic	C	G
6	33653486	polymorphism_automatic	G	A
6	73904557	polymorphism_automatic	C	T
17	33329049	polymorphism_automatic	G	A
8	86021932	polymorphism_automatic	T	A
1	74507450	polymorphism_automatic	G	C
3	169540184	polymorphism_automatic	A	G
8	54141880	polymorphism_automatic	C	T
11	72946279	polymorphism_automatic	T	C
22	30977353	polymorphism_automatic	T	A
12	113573237	polymorphism_automatic	C	G
14	93119232	polymorphism_automatic	G	C
9	91616843	polymorphism_automatic	G	A
13	52952634	polymorphism_automatic	C	G
4	38775639	polymorphism_automatic	G	A
4	38830116	polymorphism_automatic	C	T
11	4621639	polymorphism_automatic	C	T
3	195937558	polymorphism_automatic	C	G
