INPUT	PROVEAN PREDICTION (cutoff=-2.5)	SIFT PREDICTION (cutoff=0.05)
1,154574443,C,T	Neutral	Tolerated
1,237947201,G,A	Neutral	Tolerated
8,144995598,G,A	Neutral	Tolerated
15,89866646,G,A	Neutral	Tolerated
12,32949167,T,C	Neutral	Tolerated
2,220285283,C,G	Deleterious	Damaging
18,28660261,C,T	Deleterious	Damaging
2,179454067,G,T	Neutral	Tolerated
14,23892888,A,G	Neutral	Tolerated
18,11689680,CC,CTGGCCCC	Neutral	NA
2,179595893,A,G	Neutral	Tolerated
X,31676248,T,C	Deleterious	Damaging
X,31676248,T,C	Deleterious	Damaging
X,31676248,T,C	Deleterious	Damaging
X,31676248,T,C	Deleterious	Damaging
X,31676248,T,C	Deleterious	Damaging
X,31676248,T,C	Deleterious	Damaging
X,31676248,T,C	Deleterious	Damaging
X,31676248,T,C	Deleterious	Damaging
X,31676248,T,C	Deleterious	Damaging
X,31676248,T,C	Deleterious	Damaging
X,31676248,T,C	Deleterious	Damaging
X,31676248,T,C	Deleterious	Damaging
X,31676248,T,C	Deleterious	Damaging
X,31676248,T,C	Deleterious	Damaging
7,151478249,C,T	Neutral	Damaging
14,23885258,G,A	Neutral	Tolerated
18,29126574,G,A	Neutral	Tolerated
2,179435968,G,A	Deleterious	Tolerated
2,179575832,G,A	Neutral	Tolerated
7,65439535,G,A	Deleterious	Damaging
2,228563530,T,C	Neutral	Tolerated
2,179410184,C,T	Deleterious	Damaging
1,237947870,C,T	Neutral	Tolerated
2,44170849,T,C	Neutral	Tolerated
18,28654818,G,A	Neutral	Tolerated
2,179431633,C,T	Deleterious	Damaging
9,79834890,A,G	Neutral	Tolerated
2,179605843,G,A	Neutral	Tolerated
2,179426507,G,A	Deleterious	Damaging
1,17313000,C,T	Neutral	Tolerated
1,156105028,T,C	Neutral	Tolerated
1,236925802,G,A	Neutral	Tolerated
7,151478497,C,A	Neutral	Tolerated
2,166183379,A,G	Neutral	Tolerated
2,179605417,G,A	Neutral	Tolerated
2,179621034,C,T	Neutral	Tolerated
5,60448572,A,T	Neutral	Tolerated
2,179633590,T,C	Neutral	Tolerated
2,179412372,G,C	Neutral	Tolerated
2,179602936,A,G	Neutral	Tolerated
11,108381605,T,C	Neutral	Tolerated
14,23863035,T,G	Deleterious	Damaging
3,58417676,A,G	Neutral	Tolerated
2,179424399,A,G	Neutral	Tolerated
11,19204264,C,A	Deleterious	Damaging
2,179490076,A,G	Neutral	Tolerated
X,48934174,G,A	Neutral	Tolerated
X,48934174,G,A	Neutral	Tolerated
X,48934174,G,A	Neutral	Tolerated
X,48934174,G,A	Neutral	Tolerated
X,48934174,G,A	Neutral	Tolerated
X,48934174,G,A	Neutral	Tolerated
X,48934174,G,A	Neutral	Tolerated
X,48934174,G,A	Neutral	Tolerated
X,48934174,G,A	Neutral	Tolerated
X,48934174,G,A	Neutral	Tolerated
X,48934174,G,A	Neutral	Tolerated
X,48934174,G,A	Neutral	Tolerated
X,48934174,G,A	Neutral	Tolerated
14,23874535,C,T	Neutral	Tolerated
2,179640849,C,T	Neutral	Tolerated
15,73621995,G,A	Neutral	Tolerated
2,179410666,G,A	Deleterious	Damaging
2,179584154,A,G	Neutral	Tolerated
6,112457383,G,T	Deleterious	Damaging
14,23859652,G,T	Deleterious	Damaging
2,179438976,A,G	Neutral	Tolerated
2,179594059,T,C	Neutral	Tolerated
6,112451146,G,A	Neutral	Tolerated
6,112496614,G,A	Neutral	Tolerated
1,17313448,G,A	Neutral	Tolerated
X,32472800,C,T	Neutral	Tolerated
X,32472800,C,T	Neutral	Tolerated
X,32472800,C,T	Neutral	Tolerated
X,32472800,C,T	Neutral	Tolerated
X,32472800,C,T	Neutral	Tolerated
17,17697122,AGCAGCAGCAGCA,A	Deleterious	NA
14,23887464,T,C	Deleterious	Damaging
11,111779500,G,T	Neutral	Tolerated
2,179407621,A,G	Neutral	Tolerated
2,179441386,G,A	Neutral	Tolerated
2,179587955,G,T	Deleterious	Damaging
2,179643775,C,T	Deleterious	Tolerated
6,112430662,A,G	Neutral	Damaging
2,179640768,T,C	Neutral	Tolerated
12,52844246,A,G	Neutral	Tolerated
1,237778047,A,G	Neutral	Tolerated
2,179437077,G,A	Neutral	Tolerated
10,88439895,C,T	Deleterious	Damaging
10,88441336,C,T	Neutral	Tolerated
20,42788704,G,C	Deleterious	Tolerated
18,29178610,C,T	Neutral	Damaging
X,119589400,C,A	Neutral	Tolerated
X,119589400,C,A	Neutral	Tolerated
X,119589400,C,A	Neutral	Tolerated
X,119589400,C,A	Neutral	Tolerated
16,29825242,T,A	Neutral	Tolerated
14,23889048,G,A	Neutral	Tolerated
3,38645251,T,C	Neutral	Tolerated
1,237868582,T,C	Neutral	Tolerated
9,130941226,C,A	Neutral	Tolerated
2,179483052,T,C	Neutral	Tolerated
2,179597600,C,T	Neutral	Tolerated
2,179431541,G,A	Deleterious	Damaging
15,89876860,C,CTGCTGC	Neutral	NA
2,179588257,A,C	Neutral	Tolerated
2,220283354,C,T	Neutral	Tolerated
5,156074482,G,A	Deleterious	Damaging
3,148917570,G,A	Deleterious	Damaging
14,55369314,G,A	Neutral	Tolerated
6,7579717,C,G	Neutral	Tolerated
2,179433654,C,T	Neutral	Tolerated
1,237811889,C,T	Neutral	Tolerated
12,52307028,C,T	Neutral	Tolerated
1,237774112,C,A	Neutral	Tolerated
18,29126592,C,T	Neutral	Tolerated
2,179394742,A,G	Neutral	Tolerated
17,17700042,GGAG,G	Deleterious	NA
10,112540884,C,A	Neutral	Tolerated
10,112581039,G,A	Neutral	Damaging
22,19865708,C,A	Neutral	Tolerated
2,179429301,A,G	Neutral	Tolerated
2,220285666,G,C	Neutral	Tolerated
6,7571628,C,T	Deleterious	Damaging
14,29237808,C,T	Neutral	Tolerated
2,179404550,G,A	Deleterious	Damaging
2,179473074,G,C	Deleterious	Damaging
15,44905678,G,A	Neutral	Damaging
2,179438826,T,C	Neutral	Tolerated
15,63353073,C,T	Neutral	Tolerated
6,112471715,C,T	Neutral	Tolerated
10,121436054,C,T	Neutral	Tolerated
12,33049621,G,A	Neutral	Tolerated
2,179392456,G,A	Neutral	Tolerated
19,12917523,C,T	Neutral	Tolerated
6,7542274,T,C	Neutral	Tolerated
14,23897077,T,C	Neutral	Tolerated
6,7570685,C,T	Neutral	Tolerated
1,156100518,G,T	Deleterious	Damaging
X,100653379,C,T	Neutral	Tolerated
X,19367441,G,A	Neutral	Tolerated
X,19367441,G,A	Neutral	Tolerated
X,19367441,G,A	Neutral	Tolerated
X,19367441,G,A	Neutral	Tolerated
X,19367441,G,A	Neutral	Tolerated
X,19367441,G,A	Neutral	Tolerated
X,19367441,G,A	Neutral	Tolerated
X,19367441,G,A	Neutral	Tolerated
X,19367441,G,A	Neutral	Tolerated
14,23888497,C,G	Neutral	Tolerated
3,52486123,G,A	Neutral	Tolerated
11,19209756,C,A	Deleterious	Damaging
2,179594067,A,G	Neutral	Tolerated
2,179645885,A,G	Neutral	Tolerated
19,30199285,C,T	Neutral	Tolerated
19,16606881,G,C	Neutral	Tolerated
11,2189124,T,G	Neutral	Damaging
1,201333454,C,T	Neutral	Tolerated
2,179437928,T,C	Deleterious	Tolerated
2,179422412,A,G	Neutral	Tolerated
20,42788803,G,C	Neutral	Tolerated
4,100512392,G,A	Neutral	Tolerated
18,21492734,C,T	Neutral	Tolerated
1,237961409,C,T	Neutral	Tolerated
15,73660154,T,C	Neutral	Tolerated
1,245005290,C,T	Neutral	Tolerated
14,23855188,C,T	Neutral	Tolerated
14,23901012,T,C	Neutral	Tolerated
7,56087374,C,T	Deleterious	Damaging
10,112583299,G,A	Neutral	Tolerated
2,179399417,T,C	Neutral	Tolerated
1,156084760,C,T	Neutral	Tolerated
10,88451794,C,T	Neutral	Tolerated
6,112461028,A,G	Neutral	Tolerated
2,179424558,C,T	Neutral	Tolerated
18,29125936,A,C	Neutral	Tolerated
15,89876860,CC,CTGCTGCC	Neutral	NA
1,236898996,C,T	Neutral	Tolerated
8,144992269,G,A	Deleterious	Damaging
3,58417610,T,C	Neutral	Tolerated
3,148899824,G,C	Neutral	Tolerated
X,32481667,A,G	Neutral	Tolerated
X,32481667,A,G	Neutral	Tolerated
X,32481667,A,G	Neutral	Tolerated
X,32481667,A,G	Neutral	Tolerated
X,32481667,A,G	Neutral	Tolerated
2,179407663,G,A	Neutral	Tolerated
22,38512181,C,T	Neutral	Damaging
17,39925841,C,T	Neutral	Tolerated
14,23885360,G,A	Neutral	Tolerated
2,179486223,C,T	Neutral	Tolerated
10,105819880,C,T	Neutral	Tolerated
12,33030863,C,T	Neutral	Tolerated
11,47370041,T,C	Neutral	Tolerated
17,39919355,C,A	Neutral	Tolerated
2,179418415,T,A	Neutral	Tolerated
10,75758001,C,T	Neutral	Tolerated
1,236890979,T,A	Deleterious	Damaging
14,23859571,G,A	Deleterious	Damaging
17,61683783,T,C	Neutral	Tolerated
10,88451790,G,A	Deleterious	Damaging
X,31227699,C,T	Neutral	Tolerated
X,31227699,C,T	Neutral	Tolerated
X,31227699,C,T	Neutral	Tolerated
X,31227699,C,T	Neutral	Tolerated
X,31227699,C,T	Neutral	Tolerated
X,31227699,C,T	Neutral	Tolerated
X,31227699,C,T	Neutral	Tolerated
X,31227699,C,T	Neutral	Tolerated
X,31227699,C,T	Neutral	Tolerated
X,31227699,C,T	Neutral	Tolerated
X,31227699,C,T	Neutral	Tolerated
X,31227699,C,T	Neutral	Tolerated
X,31227699,C,T	Neutral	Tolerated
X,31227699,C,T	Neutral	Tolerated
X,31227699,C,T	Neutral	Tolerated
X,31227699,C,T	Neutral	Tolerated
X,31227699,C,T	Neutral	Tolerated
X,31227699,C,T	Neutral	Tolerated
2,179582063,A,T	Neutral	Tolerated
15,73622063,A,G	Deleterious	Damaging
1,227073305,C,T	Neutral	Tolerated
7,35242380,A,T	Neutral	Damaging
4,120107272,G,A	Deleterious	Damaging
2,179410282,A,G	Deleterious	Tolerated
10,101486833,A,G	Neutral	Tolerated
10,121429394,G,A	Neutral	Tolerated
14,23855274,C,T	Neutral	Damaging
2,179544700,T,TTCT	Neutral	NA
3,8787433,C,T	Neutral	Tolerated
2,179441341,G,A	Neutral	Tolerated
12,13720076,C,T	Neutral	Tolerated
2,179430158,T,C	Neutral	Tolerated
12,111352042,C,T	Neutral	Tolerated
14,23894580,G,A	Neutral	Tolerated
18,32345983,G,A	Neutral	Tolerated
9,140919617,C,G	Neutral	Tolerated
2,179452062,G,A	Neutral	Tolerated
17,78185942,G,A	Deleterious	Damaging
3,38645506,A,G	Neutral	Tolerated
20,30418897,C,A	Neutral	Tolerated
16,89611153,C,T	Neutral	Tolerated
6,133833915,A,G	Neutral	Tolerated
16,8906872,T,C	Deleterious	Damaging
8,145002070,G,A	Neutral	Tolerated
2,179486345,T,A	Deleterious	Damaging
2,179638593,G,A	Neutral	Tolerated
2,179447787,G,T	Neutral	Tolerated
3,38647628,G,A	Neutral	Tolerated
10,88485931,C,T	Neutral	Tolerated
2,179414321,G,T	Deleterious	Damaging
6,7581032,C,T	Neutral	Damaging
1,236908053,C,T	Neutral	Tolerated
10,121429412,C,T	Neutral	Tolerated
X,153296622,C,T	Neutral	Tolerated
X,153296622,C,T	Neutral	Tolerated
X,153296622,C,T	Neutral	Tolerated
X,153296622,C,T	Neutral	Tolerated
2,179593449,T,C	Neutral	Tolerated
2,220286064,C,T	Neutral	Tolerated
14,23862232,C,T	Deleterious	Damaging
11,67803762,C,T	Deleterious	Damaging
2,179396782,C,G	Neutral	Damaging
7,151273488,T,A	Neutral	Tolerated
3,38648292,C,T	Neutral	Tolerated
2,179506020,T,C	Neutral	Tolerated
3,38627457,C,T	Deleterious	Damaging
10,69934372,A,T	Neutral	Tolerated
2,179413791,A,T	Neutral	Tolerated
2,179393900,A,T	Neutral	Tolerated
14,23853663,C,T	Neutral	Tolerated
2,179428967,C,T	Deleterious	Tolerated
1,237656365,C,T	Deleterious	Damaging
1,237789017,G,A	Deleterious	Tolerated
18,28654816,C,T	Neutral	Tolerated
1,3328375,C,A	Neutral	Tolerated
10,92679985,C,G	Neutral	Tolerated
16,2548257,C,T	Neutral	Tolerated
2,179399539,T,C	Neutral	Tolerated
2,179408199,A,G	Neutral	Tolerated
22,19885622,G,A	Neutral	Tolerated
14,23862254,G,A	Neutral	Tolerated
2,179410704,G,A	Neutral	Tolerated
14,23892819,G,A	Neutral	Tolerated
3,38591853,A,G	Neutral	Tolerated
8,144999669,C,T	Neutral	Tolerated
10,92679983,G,C	Neutral	Tolerated
10,68040276,C,T	Neutral	Tolerated
2,179584372,G,A	Neutral	Tolerated
3,52486129,G,A	Neutral	Tolerated
X,153641885,G,A	Neutral	Tolerated
X,153641885,G,A	Neutral	Tolerated
X,153641885,G,A	Neutral	Tolerated
X,153641885,G,A	Neutral	Tolerated
X,153641885,G,A	Neutral	Tolerated
X,153641885,G,A	Neutral	Tolerated
X,153641885,G,A	Neutral	Tolerated
X,153641885,G,A	Neutral	Tolerated
X,153641885,G,A	Neutral	Tolerated
10,121436653,C,T	Neutral	Tolerated
X,31497197,A,G	Neutral	Tolerated
X,31497197,A,G	Neutral	Tolerated
X,31497197,A,G	Neutral	Tolerated
X,31497197,A,G	Neutral	Tolerated
X,31497197,A,G	Neutral	Tolerated
X,31497197,A,G	Neutral	Tolerated
X,31497197,A,G	Neutral	Tolerated
X,31497197,A,G	Neutral	Tolerated
X,31497197,A,G	Neutral	Tolerated
X,31497197,A,G	Neutral	Tolerated
X,31497197,A,G	Neutral	Tolerated
X,31497197,A,G	Neutral	Tolerated
X,31497197,A,G	Neutral	Tolerated
X,31497197,A,G	Neutral	Tolerated
1,156106185,T,C	Neutral	Tolerated
9,131388888,C,T	Neutral	Tolerated
6,7565727,A,T	Neutral	Damaging
2,179634961,C,A	Deleterious	Damaging
2,179623772,G,A	Neutral	Tolerated
2,179435418,T,C	Neutral	Tolerated
9,79968362,T,C	Deleterious	Damaging
14,23853789,T,G	Neutral	Tolerated
6,112513009,T,C	Neutral	Damaging
2,179428362,G,A	Neutral	Tolerated
1,237777429,T,C	Neutral	Tolerated
19,1388862,C,T	Neutral	Tolerated
2,179477744,T,C	Neutral	Tolerated
1,220088800,C,T	Neutral	Tolerated
10,75834566,C,T	Deleterious	Damaging
10,75394462,C,A	Neutral	Tolerated
10,92676019,G,A	Deleterious	Damaging
2,179647085,T,C	Neutral	Tolerated
2,179460433,G,A	Neutral	Tolerated
X,32716015,T,C	Neutral	Tolerated
X,32716015,T,C	Neutral	Tolerated
X,32716015,T,C	Neutral	Tolerated
X,32716015,T,C	Neutral	Tolerated
X,32716015,T,C	Neutral	Tolerated
X,32716015,T,C	Neutral	Tolerated
12,111352113,A,G	Neutral	Tolerated
19,1388877,C,T	Neutral	Tolerated
1,78383891,G,A	Deleterious	Damaging
10,75830440,T,A	Neutral	Tolerated
2,179415911,A,G	Neutral	Tolerated
6,112537641,C,T	Neutral	Tolerated
2,179584831,G,C	Deleterious	Tolerated
5,155935631,G,A	Neutral	Tolerated
5,1216769,C,T	Neutral	Tolerated
11,47371448,G,A	Neutral	Tolerated
6,112452195,C,T	Neutral	Tolerated
2,179642589,C,G	Deleterious	Damaging
12,22059121,C,T	Neutral	Tolerated
1,20975105,G,A	Neutral	Tolerated
18,21134743,G,A	Deleterious	Damaging
2,145187467,T,C	Neutral	Tolerated
6,7580346,G,A	Neutral	Tolerated
2,179482994,G,A	Deleterious	Damaging
2,145156612,C,T	Neutral	Tolerated
15,89860653,G,T	Neutral	Tolerated
7,151573647,C,A	Neutral	Damaging
3,38655518,A,G	Neutral	Tolerated
9,130580492,G,A	Neutral	Tolerated
15,89876860,C,CTGC	Neutral	NA
X,119575587,G,A	Deleterious	Tolerated
X,119575587,G,A	Deleterious	Tolerated
X,119575587,G,A	Deleterious	Tolerated
X,119575587,G,A	Deleterious	Tolerated
X,119575587,G,A	Deleterious	Tolerated
X,119575587,G,A	Deleterious	Tolerated
X,32716024,G,A	Neutral	Tolerated
X,32716024,G,A	Neutral	Tolerated
X,32716024,G,A	Neutral	Tolerated
X,32716024,G,A	Neutral	Tolerated
X,32716024,G,A	Neutral	Tolerated
X,32716024,G,A	Neutral	Tolerated
5,147481363,G,A	Neutral	Damaging
1,201334399,C,T	Deleterious	Damaging
5,90086955,G,A	Neutral	Tolerated
1,237802469,T,C	Neutral	Tolerated
2,179528387,G,A	Deleterious	Tolerated
8,96059304,A,G	Neutral	Tolerated
6,112508730,G,A	Neutral	Tolerated
1,17322984,G,A	Neutral	Tolerated
2,179583967,G,A	Neutral	Tolerated
6,133777740,C,G	Neutral	Tolerated
2,179396766,C,T	Neutral	Damaging
1,236911004,C,T	Deleterious	Damaging
11,67800633,G,A	Neutral	Tolerated
18,29111030,G,C	Neutral	Tolerated
14,23893269,G,A	Neutral	Tolerated
1,236925883,G,A	Neutral	Tolerated
X,100653079,G,A	Neutral	Tolerated
6,7578715,C,T	Deleterious	Damaging
2,179426406,T,C	Neutral	Tolerated
2,179395573,C,T	Deleterious	Damaging
3,38648232,A,G	Neutral	Tolerated
2,179434120,G,A	Deleterious	Tolerated
12,52867416,T,C	Neutral	Tolerated
10,75849898,C,T	Neutral	Tolerated
12,22061030,T,C	Deleterious	Tolerated
2,173352458,C,G	Neutral	Tolerated
5,1201921,C,T	Neutral	Tolerated
3,38645524,A,T	Neutral	Tolerated
1,227076569,C,G	Neutral	Tolerated
7,56088902,C,T	Neutral	Tolerated
2,179455731,C,G	Neutral	Damaging
2,179585312,G,A	Deleterious	Damaging
1,237619971,T,C	Neutral	Tolerated
X,135289238,C,T	Neutral	Tolerated
X,135289238,C,T	Neutral	Tolerated
X,135289238,C,T	Neutral	Tolerated
X,135289238,C,T	Neutral	Tolerated
X,135289238,C,T	Neutral	Tolerated
X,135289238,C,T	Neutral	Tolerated
X,135289238,C,T	Neutral	Tolerated
X,135289238,C,T	Neutral	Tolerated
X,135289238,C,T	Neutral	Tolerated
X,135289238,C,T	Neutral	Tolerated
X,135289238,C,T	Neutral	Tolerated
X,135289238,C,T	Neutral	Tolerated
X,135289238,C,T	Neutral	Tolerated
X,135289238,C,T	Neutral	Tolerated
X,135289238,C,T	Neutral	Tolerated
X,135289238,C,T	Neutral	Tolerated
X,135289238,C,T	Neutral	Tolerated
X,135289238,C,T	Neutral	Tolerated
1,156100408,C,T	Neutral	Tolerated
14,23885450,G,A	Neutral	Tolerated
1,237961357,G,A	Neutral	Tolerated
10,75854218,C,T	Neutral	Tolerated
2,179605978,T,G	Neutral	Tolerated
2,179422889,A,C	Neutral	Tolerated
2,179569964,G,A	Neutral	Tolerated
7,65439513,G,A	Neutral	Tolerated
4,17506013,G,A	Deleterious	Tolerated
22,19870857,G,A	Neutral	Tolerated
17,37821651,G,A	Neutral	Tolerated
X,119576455,G,A	Neutral	Tolerated
X,119576455,G,A	Neutral	Tolerated
X,119576455,G,A	Neutral	Tolerated
X,119576455,G,A	Neutral	Tolerated
X,119576455,G,A	Neutral	Tolerated
X,119576455,G,A	Neutral	Tolerated
11,71906438,C,T	Deleterious	Damaging
18,29178554,C,T	Neutral	Tolerated
2,179393859,A,G	Deleterious	Tolerated
14,23863351,G,A	Deleterious	Damaging
10,121432147,C,T	Neutral	Tolerated
19,50411582,G,A	Neutral	Tolerated
14,23869918,G,A	Neutral	Tolerated
22,19865952,G,A	Neutral	Tolerated
2,179481887,T,A	Neutral	Tolerated
1,237947500,C,A	Deleterious	Damaging
6,7556022,G,A	Neutral	Tolerated
7,151478348,C,T	Neutral	Damaging
6,7571625,A,G	Deleterious	Damaging
2,179412966,G,A	Neutral	Tolerated
2,179466400,T,C	Deleterious	Damaging
2,179658175,C,T	Neutral	Tolerated
X,32408197,A,G	Neutral	Tolerated
X,32408197,A,G	Neutral	Tolerated
X,32408197,A,G	Neutral	Tolerated
X,32408197,A,G	Neutral	Tolerated
X,32408197,A,G	Neutral	Tolerated
X,32408197,A,G	Neutral	Tolerated
X,32408197,A,G	Neutral	Tolerated
18,32374095,A,G	Neutral	Tolerated
18,28649109,C,T	Neutral	Tolerated
17,39925925,A,G	Neutral	Tolerated
1,43393447,G,A	Neutral	Tolerated
2,179424807,A,G	Neutral	Tolerated
1,3329213,G,A	Neutral	Tolerated
2,179440353,C,A	Neutral	Tolerated
15,73615084,G,A	Neutral	Damaging
2,179628918,C,T	Neutral	Tolerated
2,179547465,C,T	Neutral	Tolerated
22,19902785,G,A	Neutral	Tolerated
2,109370398,A,G	Neutral	Tolerated
14,23858677,C,T	Neutral	Tolerated
14,67610127,T,C	Neutral	Tolerated
12,33021934,A,G	Neutral	Tolerated
11,111899579,A,G	Neutral	Tolerated
14,23855578,G,A	Neutral	Tolerated
18,21124366,G,A	Deleterious	Damaging
X,31227739,T,C	Neutral	Tolerated
X,31227739,T,C	Neutral	Tolerated
X,31227739,T,C	Neutral	Tolerated
X,31227739,T,C	Neutral	Tolerated
X,31227739,T,C	Neutral	Tolerated
X,31227739,T,C	Neutral	Tolerated
X,31227739,T,C	Neutral	Tolerated
X,31227739,T,C	Neutral	Tolerated
X,31227739,T,C	Neutral	Tolerated
X,31227739,T,C	Neutral	Tolerated
X,31227739,T,C	Neutral	Tolerated
X,31227739,T,C	Neutral	Tolerated
X,31227739,T,C	Neutral	Tolerated
X,31227739,T,C	Neutral	Tolerated
X,31227739,T,C	Neutral	Tolerated
X,31227739,T,C	Neutral	Tolerated
X,31227739,T,C	Neutral	Tolerated
X,31227739,T,C	Neutral	Tolerated
14,23857063,G,A	Deleterious	Damaging
10,121432030,C,T	Neutral	Tolerated
2,179437034,C,G	Neutral	Tolerated
9,140918180,GACCACGGAGAAGGAG,G	Neutral	NA
14,23886877,C,T	Neutral	Tolerated
2,109380406,A,C	Neutral	Tolerated
18,32391956,T,C	Neutral	Tolerated
X,119589270,G,A	Neutral	Tolerated
X,119589270,G,A	Neutral	Tolerated
X,119589270,G,A	Neutral	Tolerated
X,119589270,G,A	Neutral	Tolerated
12,103234251,G,A	Neutral	Tolerated
14,23899060,G,A	Neutral	Tolerated
12,52845531,C,T	Deleterious	Damaging
3,123166568,C,T	Neutral	Tolerated
3,38645377,G,A	Neutral	Tolerated
11,6630320,A,C	Deleterious	Damaging
2,179449685,G,A	Neutral	Tolerated
15,63336295,G,C	Neutral	Damaging
14,23884889,C,T	Neutral	Tolerated
5,147496010,GTGG,G	Neutral	NA
7,92085828,G,A	Neutral	Tolerated
2,220284876,C,T	Neutral	Damaging
2,179446446,G,A	Neutral	Tolerated
3,38601665,C,T	Neutral	Tolerated
6,112441569,G,C	Deleterious	Damaging
22,19902743,G,C	Neutral	Tolerated
2,179591917,T,C	Neutral	Tolerated
11,2186495,G,C	Neutral	Damaging
17,39923691,C,A	Deleterious	Damaging
2,179582760,T,C	Neutral	Tolerated
22,19868177,C,T	Deleterious	Tolerated
12,32994058,A,C	Deleterious	Damaging
9,131370267,C,G	Neutral	Tolerated
2,179481917,A,C	Neutral	Tolerated
1,3334448,G,A	Neutral	Tolerated
14,23901078,G,A	Neutral	Tolerated
14,23898994,G,A	Neutral	Tolerated
10,88441223,G,A	Neutral	Tolerated
17,38978703,T,C	Neutral	Tolerated
2,179403941,G,T	Neutral	Tolerated
1,236882306,C,T	Neutral	Tolerated
2,179428299,G,T	Deleterious	Damaging
2,179621503,C,T	Neutral	Tolerated
14,23871969,G,A	Neutral	Tolerated
1,3328735,C,T	Neutral	Tolerated
2,179482089,C,T	Deleterious	Damaging
20,42788647,G,A	Neutral	Tolerated
15,44864966,C,A	Neutral	Tolerated
10,121431808,C,G	Neutral	Tolerated
14,23853882,G,A	Neutral	Tolerated
6,7568079,G,A	Neutral	Tolerated
2,179647533,C,T	Neutral	Tolerated
2,179440208,G,A	Neutral	Tolerated
2,179599473,C,G	Neutral	Tolerated
12,22040823,G,A	Neutral	Tolerated
14,23868229,G,A	Neutral	Tolerated
7,151272001,T,C	Neutral	Tolerated
14,23894143,C,T	Neutral	Tolerated
X,32509604,G,A	Neutral	Tolerated
X,32509604,G,A	Neutral	Tolerated
X,32509604,G,A	Neutral	Tolerated
X,32509604,G,A	Neutral	Tolerated
X,32509604,G,A	Neutral	Tolerated
18,28681903,T,C	Neutral	Tolerated
11,19207865,G,C	Neutral	Tolerated
2,179472319,C,T	Deleterious	Damaging
15,63354836,A,T	Deleterious	Damaging
1,237774070,G,A	Deleterious	Damaging
1,237777882,T,C	Neutral	Tolerated
X,70361171,AG,ACCAGCAGCAACAG	Neutral	NA
X,70361171,AG,ACCAGCAGCAACAG	Neutral	NA
X,70361171,AG,ACCAGCAGCAACAG	Neutral	NA
X,70361171,AG,ACCAGCAGCAACAG	Neutral	NA
X,70361171,AG,ACCAGCAGCAACAG	Neutral	NA
1,237774118,G,A	Neutral	Tolerated
2,166848898,G,A	Neutral	Tolerated
18,29104689,T,C	Neutral	Tolerated
20,42744521,G,T	Neutral	Tolerated
14,23888815,T,G	Deleterious	Damaging
2,179482678,C,T	Neutral	Tolerated
5,155771600,G,C	Neutral	Tolerated
12,21958932,A,T	Neutral	Tolerated
1,237754110,C,G	Neutral	Tolerated
11,47371589,G,A	Deleterious	Damaging
18,32374062,G,A	Neutral	Tolerated
2,179472662,G,A	Deleterious	Damaging
1,237711878,T,C	Neutral	Tolerated
6,7581641,G,A	Neutral	Damaging
1,237955485,C,T	Neutral	Tolerated
14,23857530,C,T	Deleterious	Damaging
12,33030842,C,T	Neutral	Tolerated
17,39925382,C,T	Neutral	Tolerated
X,32834681,C,T	Deleterious	Tolerated
X,32834681,C,T	Deleterious	Damaging
X,32834681,C,T	Deleterious	Damaging
X,32834681,C,T	Deleterious	Damaging
X,32834681,C,T	Deleterious	Damaging
X,32834681,C,T	Deleterious	Damaging
1,227076719,G,C	Neutral	Tolerated
2,179456080,G,A	Neutral	Tolerated
2,220285309,C,T	Neutral	Tolerated
1,237675029,G,A	Neutral	Tolerated
2,179399936,G,C	Neutral	Tolerated
20,13765930,G,A	Neutral	Tolerated
12,33031216,C,T	Neutral	Damaging
2,179440215,G,A	Neutral	Tolerated
1,156108314,G,A	Neutral	Tolerated
14,23889192,G,A	Neutral	Tolerated
3,38622502,C,T	Deleterious	Damaging
6,133785975,G,A	Neutral	Tolerated
2,179430588,G,A	Neutral	Tolerated
8,42693110,C,T	Neutral	Tolerated
17,37821672,C,G	Neutral	Tolerated
14,23851679,C,G	Deleterious	Damaging
15,63354798,G,A	Neutral	Tolerated
10,121432114,G,A	Neutral	Tolerated
1,17313105,C,T	Neutral	Tolerated
2,179482533,G,T	Deleterious	Tolerated
1,237778041,C,T	Neutral	Tolerated
3,38645496,G,A	Deleterious	Damaging
6,7581001,C,A	Neutral	Tolerated
10,69934062,C,T	Neutral	Damaging
18,29118928,T,C	Neutral	Tolerated
10,112572053,C,T	Deleterious	Damaging
7,56087423,G,A	Deleterious	Damaging
14,23889429,C,T	Neutral	Tolerated
12,52867341,G,A	Neutral	Tolerated
18,28672148,C,T	Neutral	Tolerated
6,112461010,C,A	Deleterious	Damaging
5,1201769,G,T	Neutral	Tolerated
2,220288510,C,G	Deleterious	Damaging
2,179428754,T,G	Neutral	Tolerated
10,112572197,A,G	Deleterious	Damaging
11,47354445,AAGT,A	Deleterious	NA
17,39912026,C,T	Neutral	Tolerated
7,35242369,T,G	Neutral	Tolerated
10,88439177,G,A	Neutral	Tolerated
16,2546353,G,A	Neutral	Tolerated
1,237730059,C,T	Neutral	Tolerated
10,112541538,G,A	Neutral	Tolerated
2,179482937,C,T	Neutral	Tolerated
5,1213682,G,A	Neutral	Tolerated
9,79897155,A,G	Deleterious	Tolerated
17,61685341,C,T	Neutral	Tolerated
12,32977026,C,T	Neutral	Tolerated
2,179448590,A,G	Neutral	Tolerated
14,66975271,C,G	Neutral	Tolerated
2,179436257,T,C	Neutral	Tolerated
2,179417091,C,T	Deleterious	Damaging
22,19885573,C,G	Deleterious	Damaging
6,133789778,T,C	Neutral	Tolerated
12,22035731,C,T	Neutral	Tolerated
2,179528821,G,A	Neutral	Tolerated
12,33049492,C,A	Neutral	Damaging
2,179580332,C,A	Neutral	Tolerated
11,22296135,G,A	Neutral	Tolerated
X,70644043,C,T	Neutral	Tolerated
X,70644043,C,T	Neutral	Tolerated
X,70644043,C,T	Neutral	Tolerated
X,70644043,C,T	Neutral	Tolerated
X,70644043,C,T	Neutral	Tolerated
X,70644043,C,T	Neutral	Tolerated
X,70644043,C,T	Neutral	Tolerated
X,70644043,C,T	Neutral	Tolerated
1,156107534,C,T	Neutral	Tolerated
15,72642919,G,A	Deleterious	Damaging
6,112506481,C,T	Neutral	Tolerated
2,179590159,C,T	Neutral	Tolerated
14,23871926,C,T	Deleterious	Damaging
10,112541468,G,T	Neutral	Tolerated
3,52486122,C,T	Deleterious	Damaging
10,112572141,G,A	Neutral	Tolerated
2,179490019,G,A	Neutral	Tolerated
6,112528305,A,G	Neutral	Tolerated
14,23894556,C,A	Neutral	Tolerated
22,38528943,C,T	Neutral	Tolerated
2,179412921,C,A	Neutral	Tolerated
X,153649044,C,T	Neutral	Tolerated
X,153649044,C,T	Neutral	Tolerated
X,153649044,C,T	Neutral	Tolerated
X,153649044,C,T	Neutral	Tolerated
X,153649044,C,T	Neutral	Tolerated
X,153649044,C,T	Neutral	Tolerated
17,59533867,G,A	Neutral	Tolerated
10,75866997,A,G	Neutral	Tolerated
2,179482927,C,T	Neutral	Tolerated
18,29118937,G,C	Neutral	Tolerated
17,40688535,G,A	Deleterious	Damaging
11,65487516,C,A	Neutral	Tolerated
2,179547455,T,C	Neutral	Tolerated
2,179669337,C,T	Neutral	Tolerated
18,11862415,C,T	Neutral	Tolerated
11,6631025,C,T	Neutral	Tolerated
2,179400278,A,G	Neutral	Tolerated
X,47432385,G,A	Neutral	Tolerated
2,179499985,A,G	Neutral	Tolerated
2,179449131,G,A	Deleterious	Tolerated
3,123005601,G,A	Neutral	Tolerated
2,179396965,T,G	Neutral	Tolerated
14,23866243,G,A	Neutral	Tolerated
2,50724817,G,A	Deleterious	Tolerated
5,1411433,G,A	Neutral	Tolerated
11,47354171,C,T	Neutral	Tolerated
12,33021938,T,C	Neutral	Tolerated
6,7569487,G,A	Neutral	Tolerated
12,22028630,C,T	Neutral	Tolerated
18,29104698,C,T	Neutral	Tolerated
2,179578703,C,T	Neutral	Tolerated
2,179594107,G,C	Neutral	Tolerated
14,23862195,G,A	Neutral	Tolerated
3,14176694,C,A	Neutral	Damaging
2,179398358,G,A	Neutral	Tolerated
10,75873961,C,T	Deleterious	Tolerated
2,179605725,T,C	Neutral	Tolerated
2,179458827,A,G	Neutral	Tolerated
X,32408257,T,C	Neutral	Tolerated
X,32408257,T,C	Neutral	Tolerated
X,32408257,T,C	Neutral	Tolerated
X,32408257,T,C	Neutral	Tolerated
X,32408257,T,C	Neutral	Tolerated
X,32408257,T,C	Neutral	Tolerated
X,32408257,T,C	Neutral	Tolerated
X,32834670,G,C	Deleterious	Damaging
X,32834670,G,C	Deleterious	Tolerated
X,32834670,G,C	Deleterious	Tolerated
X,32834670,G,C	Deleterious	Tolerated
X,32834670,G,C	Deleterious	Tolerated
X,32834670,G,C	Deleterious	Tolerated
2,179444113,A,G	Neutral	Tolerated
11,26463582,C,T	Neutral	Damaging
2,179598399,C,T	Neutral	Tolerated
14,23902351,A,T	Deleterious	Damaging
10,112581521,C,T	Neutral	Tolerated
17,39925713,C,T	Deleterious	Damaging
2,179393503,C,T	Neutral	Tolerated
14,55369176,G,A	Deleterious	Damaging
2,179401742,C,T	Deleterious	Damaging
2,179628969,G,A	Deleterious	Damaging
2,179474667,C,T	Neutral	Tolerated
2,220283277,T,C	Neutral	Tolerated
1,236902652,C,T	Neutral	Tolerated
18,28673565,T,C	Neutral	Tolerated
2,179447926,A,G	Neutral	Tolerated
11,2193001,C,T	Neutral	Tolerated
12,52845435,C,T	Neutral	Tolerated
2,179600367,T,A	Neutral	Tolerated
2,179411195,G,A	Neutral	Tolerated
12,52867342,A,G	Neutral	Tolerated
2,179404482,A,G	Neutral	Tolerated
2,179499289,G,A	Neutral	Tolerated
2,179400130,G,A	Deleterious	Damaging
18,29122692,C,T	Neutral	Tolerated
18,32374206,G,A	Neutral	Tolerated
11,47354384,G,A	Neutral	Tolerated
14,23891500,C,T	Deleterious	Damaging
14,23852442,C,T	Deleterious	Damaging
2,179432004,A,G	Neutral	Tolerated
X,73745662,C,A	Neutral	Tolerated
2,179604664,G,A	Neutral	Tolerated
2,179647684,G,A	Neutral	Tolerated
2,179516261,G,T	Deleterious	Damaging
18,28660211,T,C	Neutral	Tolerated
3,38591920,A,G	Neutral	Tolerated
1,237765333,G,A	Neutral	Tolerated
2,179553805,G,A	Neutral	Tolerated
2,179395555,C,A	Neutral	Tolerated
11,111782284,C,T	Neutral	Tolerated
17,17697134,AA,AGCAA	Neutral	NA
14,23886429,G,A	Neutral	Tolerated
11,47371442,G,A	Neutral	Tolerated
18,32400856,G,A	Neutral	Tolerated
6,112528295,A,G	Deleterious	Damaging
12,22015902,G,T	Deleterious	Damaging
9,140968509,C,T	Neutral	Tolerated
2,179527475,C,T	Neutral	Tolerated
15,89871960,G,A	Neutral	Tolerated
19,55663229,C,T	Neutral	Tolerated
1,237798238,G,T	Neutral	Tolerated
19,16601197,C,T	Neutral	Tolerated
7,107545874,C,T	Neutral	Tolerated
2,179477267,T,G	Deleterious	Tolerated
10,69881388,G,A	Neutral	Damaging
18,32392011,G,T	Neutral	Tolerated
19,16596063,C,T	Deleterious	Damaging
2,179535018,C,T	Neutral	Tolerated
9,138651655,C,T	Neutral	Tolerated
2,179419479,T,C	Deleterious	Damaging
15,73622045,C,T	Neutral	Tolerated
1,227081811,C,T	Neutral	Tolerated
2,179586604,C,G	Deleterious	Tolerated
2,179408763,C,T	Neutral	Tolerated
2,179528759,T,C	Deleterious	Damaging
10,75834615,G,A	Deleterious	Damaging
14,23870053,G,A	Neutral	Tolerated
14,23859389,G,C	Neutral	Tolerated
11,2188676,C,T	Neutral	Tolerated
10,112595630,A,G	Deleterious	Damaging
1,209805972,C,T	Neutral	Tolerated
17,40695582,C,T	Deleterious	Tolerated
7,151257629,G,A	Neutral	Tolerated
12,22089561,G,A	Neutral	Tolerated
1,237711848,G,A	Neutral	Tolerated
1,236918369,G,A	Neutral	Tolerated
2,179415947,T,C	Neutral	Tolerated
2,179569387,T,A	Deleterious	Tolerated
10,75854134,G,A	Neutral	Tolerated
2,179427537,G,A	Neutral	Tolerated
8,96059283,C,T	Neutral	Tolerated
2,179486037,C,A	Deleterious	Damaging
2,179584914,C,G	Neutral	Tolerated
X,32841450,T,C	Deleterious	Damaging
X,32841450,T,C	Deleterious	Damaging
X,32841450,T,C	Deleterious	Damaging
X,32841450,T,C	Deleterious	Damaging
X,32841450,T,C	Deleterious	Damaging
X,32841450,T,C	Deleterious	Damaging
2,220283259,A,G	Neutral	Tolerated
2,179396114,C,T	Neutral	Tolerated
2,179447132,C,T	Neutral	Tolerated
6,112466086,C,T	Neutral	Tolerated
6,24495234,T,G	Neutral	Damaging
10,69407254,T,A	Neutral	Tolerated
5,156186321,G,A	Neutral	Tolerated
3,14170981,C,T	Deleterious	Damaging
1,237868517,C,T	Deleterious	Damaging
16,1254236,G,A	Neutral	Tolerated
2,179425977,T,C	Neutral	Tolerated
2,179486376,C,T	Deleterious	Damaging
6,7583885,T,C	Neutral	Tolerated
2,220283556,G,A	Neutral	Tolerated
17,39913908,C,A	Neutral	Tolerated
2,179622372,A,T	Neutral	Tolerated
2,179444382,A,C	Neutral	Tolerated
3,38628904,C,T	Deleterious	Damaging
2,179439948,G,T	Neutral	Tolerated
11,26655845,C,T	Neutral	Tolerated
14,23873940,C,T	Neutral	Tolerated
9,108397456,A,G	Neutral	Tolerated
20,35563479,G,A	Neutral	Tolerated
X,153608116,C,A	Neutral	Damaging
2,179554580,G,A	Neutral	Tolerated
11,47364160,C,T	Neutral	Tolerated
18,29126670,T,C	Neutral	Tolerated
X,76937207,C,G	Neutral	Damaging
X,76937207,C,G	Neutral	Damaging
X,76937207,C,G	Neutral	Damaging
1,78383289,T,C	Neutral	Tolerated
2,179439861,T,C	Neutral	Tolerated
14,23899027,C,T	Neutral	Tolerated
2,179665163,C,T	Neutral	Tolerated
15,63336291,C,T	Neutral	Tolerated
6,133789787,G,A	Neutral	Tolerated
2,179438077,C,T	Deleterious	Damaging
18,29125854,A,G	Neutral	Tolerated
7,94227275,C,T	Neutral	Tolerated
2,179454355,T,C	Neutral	Tolerated
18,21115579,G,A	Neutral	Tolerated
2,179659805,C,T	Neutral	Tolerated
4,120072187,A,G	Neutral	Tolerated
11,47358943,G,A	Neutral	Tolerated
2,179547503,T,G	Neutral	Tolerated
14,23855159,C,G	Deleterious	Damaging
3,148896287,T,C	Neutral	Tolerated
X,99596953,G,A	Neutral	Tolerated
X,99596953,G,A	Neutral	Tolerated
X,99596953,G,A	Neutral	Tolerated
11,47354497,G,A	Deleterious	Damaging
12,32974352,G,A	Deleterious	Damaging
15,89872227,G,A	Neutral	Tolerated
20,42788779,C,T	Neutral	Tolerated
6,112499372,G,A	Neutral	Tolerated
1,237982386,G,T	Neutral	Tolerated
20,30407398,T,G	Neutral	Damaging
15,73615695,C,T	Neutral	Tolerated
10,69881590,C,T	Neutral	Tolerated
2,179431449,C,T	Neutral	Tolerated
2,179462347,C,T	Neutral	Tolerated
X,99662356,C,T	Deleterious	Damaging
X,99662356,C,T	Deleterious	Damaging
X,99662356,C,T	Deleterious	Damaging
18,28666616,G,A	Deleterious	Damaging
2,179448583,G,A	Neutral	Tolerated
2,179438692,C,T	Deleterious	Damaging
12,52867063,G,A	Neutral	Tolerated
11,47356683,G,A	Deleterious	Damaging
2,179397350,G,C	Neutral	Tolerated
11,47372978,C,G	Neutral	Damaging
12,52867066,A,G	Neutral	Tolerated
11,47371414,C,T	Neutral	Tolerated
8,145011204,A,C	Neutral	Tolerated
2,179638400,C,T	Neutral	Tolerated
6,112522856,A,T	Neutral	Tolerated
14,23859518,G,A	Neutral	Tolerated
3,38651442,G,A	Neutral	Tolerated
2,179462404,T,C	Neutral	Tolerated
6,118880111,C,T	Neutral	Tolerated
12,22005422,G,A	Neutral	Tolerated
2,179664441,A,G	Neutral	Tolerated
2,179605212,C,T	Neutral	Tolerated
1,227073323,C,T	Neutral	Tolerated
11,19207841,C,T	Neutral	Tolerated
2,179455352,C,T	Deleterious	Tolerated
18,32457711,G,A	Neutral	Tolerated
2,179588272,G,T	Neutral	Tolerated
1,237821261,A,T	Deleterious	Damaging
20,62038585,C,T	Neutral	Tolerated
2,179396159,C,T	Neutral	Tolerated
2,179654821,T,C	Neutral	Tolerated
2,179621076,T,C	Neutral	Tolerated
3,38645412,G,A	Neutral	Tolerated
12,52844243,A,G	Neutral	Tolerated
2,179582913,C,T	Deleterious	Tolerated
18,29078220,G,A	Neutral	Tolerated
12,33049590,C,T	Neutral	Damaging
2,179418383,A,G	Neutral	Tolerated
2,179595052,G,A	Neutral	Tolerated
11,47360911,G,A	Neutral	Tolerated
11,47354869,G,C	Deleterious	Damaging
2,179621361,T,C	Neutral	Tolerated
X,22010795,A,C	Neutral	Tolerated
X,22010795,A,C	Neutral	Tolerated
X,22010795,A,C	Neutral	Tolerated
19,42474386,C,T	Neutral	Tolerated
2,179412645,G,A	Neutral	Tolerated
2,179482100,A,G	Neutral	Tolerated
2,179605156,A,C	Neutral	Tolerated
1,236914923,A,G	Neutral	Tolerated
20,30408293,C,T	Neutral	Tolerated
11,47367871,C,T	Neutral	Damaging
11,47371598,C,T	Neutral	Damaging
10,75857060,G,A	Neutral	Tolerated
14,23857517,G,A	Neutral	Tolerated
1,3348629,A,T	Neutral	Tolerated
11,47364286,G,A	Neutral	Tolerated
6,112441506,T,A	Deleterious	Damaging
17,39780388,G,A	Deleterious	Damaging
10,112541062,G,A	Deleterious	Damaging
14,23900794,G,A	Neutral	Tolerated
19,50412558,G,A	Neutral	Tolerated
2,179522861,C,T	Neutral	Tolerated
2,179395521,G,A	Neutral	Tolerated
14,23855314,C,T	Neutral	Tolerated
2,179415701,A,G	Neutral	Tolerated
5,256514,G,C	Neutral	Tolerated
2,228564122,C,T	Neutral	Tolerated
6,161807875,T,G	Deleterious	Damaging
2,179397080,C,T	Neutral	Tolerated
2,179576855,A,G	Neutral	Tolerated
10,68280453,T,A	Neutral	Tolerated
14,23889090,G,A	Neutral	Tolerated
2,179430224,G,T	Neutral	Tolerated
2,179599233,A,G	Neutral	Tolerated
3,38620831,G,A	Neutral	Tolerated
2,179571423,G,T	Neutral	Tolerated
X,32834728,A,G	Neutral	Tolerated
X,32834728,A,G	Neutral	Tolerated
X,32834728,A,G	Neutral	Tolerated
X,32834728,A,G	Neutral	Tolerated
X,32834728,A,G	Neutral	Tolerated
X,32834728,A,G	Neutral	Tolerated
12,52756671,C,T	Neutral	Tolerated
14,23871807,G,C	Deleterious	Damaging
1,237811787,A,G	Neutral	Tolerated
1,3329209,C,T	Neutral	Tolerated
2,179597259,T,C	Deleterious	Tolerated
6,112537602,G,A	Neutral	Tolerated
1,237875068,C,T	Neutral	Tolerated
12,52867339,C,T	Neutral	Tolerated
2,179475004,G,T	Neutral	Tolerated
2,179597847,A,G	Neutral	Tolerated
17,39914747,A,G	Neutral	Tolerated
4,100542329,G,A	Neutral	Tolerated
3,52485829,C,T	Deleterious	Damaging
2,179590329,C,T	Deleterious	Tolerated
9,79985181,C,T	Neutral	Tolerated
1,237656289,C,T	Neutral	Tolerated
2,179404498,G,C	Deleterious	Damaging
5,1414807,G,A	Neutral	Tolerated
15,35083338,C,A	Neutral	NA
18,32400811,C,T	Neutral	Tolerated
2,179594905,G,A	Neutral	Tolerated
X,31496238,G,A	Neutral	Tolerated
X,31496238,G,A	Neutral	Tolerated
X,31496238,G,A	Neutral	Tolerated
X,31496238,G,A	Neutral	Tolerated
X,31496238,G,A	Neutral	Tolerated
X,31496238,G,A	Neutral	Tolerated
X,31496238,G,A	Neutral	Tolerated
X,31496238,G,A	Neutral	Tolerated
X,31496238,G,A	Neutral	Tolerated
X,31496238,G,A	Neutral	Tolerated
X,31496238,G,A	Neutral	Tolerated
X,31496238,G,A	Neutral	Tolerated
X,31496238,G,A	Neutral	Tolerated
X,31496238,G,A	Neutral	Tolerated
18,11689680,C,CTGGCCC	Neutral	NA
10,69933847,T,G	Neutral	Tolerated
6,7584173,T,A	Neutral	Tolerated
X,119581776,C,T	Deleterious	Damaging
X,119581776,C,T	Deleterious	Damaging
X,119581776,C,T	Deleterious	Damaging
X,119581776,C,T	Deleterious	Damaging
X,119581776,C,T	Deleterious	Damaging
X,119581776,C,T	Deleterious	Damaging
10,88451715,A,G	Neutral	Tolerated
X,153609287,G,A	Neutral	Tolerated
X,153609287,G,A	Neutral	Tolerated
X,41604839,A,C	Deleterious	Damaging
X,41604839,A,C	Deleterious	Damaging
X,41604839,A,C	Deleterious	Tolerated
X,41604839,A,C	Deleterious	Damaging
X,41604839,A,C	Deleterious	Damaging
X,41604839,A,C	Deleterious	Damaging
X,41604839,A,C	Deleterious	Damaging
X,41604839,A,C	Deleterious	Damaging
2,179593462,C,T	Neutral	Tolerated
2,179650716,G,A	Neutral	Tolerated
11,47357479,C,T	Neutral	Damaging
22,32881102,C,T	Neutral	Tolerated
12,22068620,A,G	Neutral	Tolerated
9,140772415,C,T	Neutral	Tolerated
1,201282635,G,A	Neutral	Tolerated
19,55666151,C,T	Neutral	Tolerated
17,39912145,T,A	Neutral	Tolerated
X,31854849,T,C	Neutral	Tolerated
X,31854849,T,C	Neutral	Tolerated
X,31854849,T,C	Neutral	Tolerated
X,31854849,T,C	Neutral	Tolerated
X,31854849,T,C	Neutral	Tolerated
X,31854849,T,C	Deleterious	NA
X,31854849,T,C	Neutral	Tolerated
X,31854849,T,C	Neutral	Tolerated
X,31854849,T,C	Neutral	Tolerated
X,31854849,T,C	Neutral	Tolerated
9,138678255,G,A	Neutral	Tolerated
2,179463991,C,T	Neutral	Tolerated
2,179467274,C,T	Neutral	Tolerated
2,179429754,G,T	Neutral	Tolerated
2,179458821,A,C	Neutral	Tolerated
20,6057970,G,A	Neutral	Tolerated
5,60448723,G,A	Neutral	Damaging
1,237604756,C,T	Neutral	Tolerated
14,23883022,G,A	Neutral	Tolerated
2,179462345,C,T	Neutral	Damaging
1,227071517,G,C	Deleterious	Damaging
19,13008171,A,G	Neutral	Tolerated
2,179438235,T,C	Neutral	Tolerated
2,179586761,C,T	Neutral	Tolerated
6,24520643,C,T	Neutral	Tolerated
11,47354513,G,A	Neutral	Tolerated
2,149227150,C,T	Neutral	Tolerated
2,179621205,A,C	Neutral	Tolerated
6,112508767,AGTG,GGGT	Neutral	NA
3,52485422,G,A	Deleterious	Damaging
1,3342659,G,A	Neutral	Tolerated
6,7577213,G,A	Neutral	Tolerated
10,112590871,G,A	Neutral	Tolerated
2,179446406,G,A	Deleterious	Damaging
2,179477529,C,G	Neutral	Tolerated
10,112404362,A,C	Neutral	Tolerated
2,179472223,A,G	Deleterious	Damaging
1,236910986,G,T	Neutral	Tolerated
1,220101267,G,C	Neutral	Tolerated
1,3329020,C,T	Neutral	Tolerated
1,237947353,G,A	Deleterious	Damaging
2,228564010,C,T	Neutral	Tolerated
2,179442471,A,C	Neutral	Tolerated
2,179428901,C,T	Neutral	Tolerated
6,112508694,A,G	Neutral	Tolerated
1,237711854,T,C	Neutral	Tolerated
11,2189321,C,T	Neutral	Tolerated
12,103237504,G,A	Neutral	Tolerated
15,73621931,G,A	Deleterious	Damaging
2,179425966,C,T	Deleterious	Damaging
12,52914051,C,T	Neutral	Tolerated
2,179451996,C,T	Neutral	Tolerated
2,179501351,G,A	Neutral	Tolerated
2,179567340,G,A	Deleterious	Tolerated
7,50611688,G,A	Neutral	Tolerated
2,179588996,C,T	Neutral	Tolerated
10,75832580,G,A	Neutral	Damaging
1,236908011,C,T	Neutral	Tolerated
2,179417633,C,T	Neutral	Tolerated
2,179453429,G,A	Neutral	Tolerated
3,38603996,C,T	Neutral	Tolerated
19,42485768,C,T	Neutral	Tolerated
1,183209311,C,T	Neutral	Tolerated
2,179429578,T,G	Deleterious	Tolerated
6,7579570,G,A	Neutral	Tolerated
X,153648381,C,T	Neutral	Tolerated
X,153648381,C,T	Neutral	Tolerated
X,153648381,C,T	Neutral	Tolerated
X,153648381,C,T	Neutral	Tolerated
X,153648381,C,T	Neutral	Tolerated
X,153648381,C,T	Neutral	Tolerated
X,153648381,C,T	Neutral	Tolerated
X,153648381,C,T	Neutral	Tolerated
4,120079220,T,C	Neutral	Tolerated
2,220283592,C,T	Neutral	Tolerated
1,237843828,C,T	Deleterious	Damaging
19,16593318,C,T	Neutral	Tolerated
10,112572147,C,T	Neutral	Tolerated
2,179597743,C,T	Neutral	Tolerated
3,38595876,GG,GATGG	Deleterious	NA
13,52534410,C,T	Neutral	Damaging
2,179597808,G,A	Neutral	Tolerated
6,7563983,T,A	Neutral	Tolerated
9,138678248,C,T	Neutral	Tolerated
14,23863383,C,T	Neutral	Damaging
18,21136231,C,T	Neutral	Tolerated
14,23851737,C,T	Deleterious	Damaging
2,179399576,C,G	Deleterious	Damaging
2,179438727,A,G	Neutral	Tolerated
X,153580576,G,A	Neutral	Tolerated
X,153580576,G,A	Neutral	Tolerated
X,153580576,G,A	Neutral	Tolerated
X,153580576,G,A	Neutral	Tolerated
X,153580576,G,A	Neutral	Tolerated
X,153580576,G,A	Neutral	Tolerated
6,133777764,G,A	Neutral	Tolerated
11,6415769,CGCC,C	Deleterious	NA
1,237620019,T,C	Neutral	Tolerated
2,220285041,C,T	Neutral	Tolerated
2,179454530,C,T	Deleterious	Damaging
6,7580635,C,T	Neutral	Tolerated
16,2547034,C,G	Neutral	Tolerated
2,113404974,A,C	Neutral	Tolerated
3,38601671,G,A	Neutral	Tolerated
X,32407762,A,G	Neutral	Tolerated
X,32407762,A,G	Neutral	Tolerated
X,32407762,A,G	Neutral	Tolerated
X,32407762,A,G	Neutral	Tolerated
X,32407762,A,G	Neutral	Tolerated
X,32407762,A,G	Neutral	Tolerated
X,32407762,A,G	Neutral	Tolerated
6,7585725,A,G	Deleterious	Damaging
2,179428119,C,T	Neutral	Tolerated
X,153609395,C,T	Neutral	Tolerated
X,153609395,C,T	Neutral	Tolerated
14,23899120,G,A	Neutral	Tolerated
2,179585187,C,T	Deleterious	Tolerated
15,44856764,A,G	Neutral	Damaging
2,179596174,G,A	Neutral	Tolerated
14,23858106,C,T	Neutral	Tolerated
10,88451707,T,A	Neutral	Tolerated
6,7580958,A,G	Neutral	Tolerated
X,53349887,G,A	Neutral	Tolerated
X,53349887,G,A	Neutral	Tolerated
5,1217006,G,A	Neutral	Tolerated
1,17318617,G,A	Neutral	Tolerated
22,38519194,A,G	Deleterious	Damaging
14,23898465,G,A	Neutral	Tolerated
X,152037592,C,T	Neutral	Tolerated
X,152037592,C,T	Neutral	Tolerated
10,70775959,C,T	Neutral	Tolerated
2,51255091,C,A	Neutral	Tolerated
10,88441337,G,A	Neutral	Tolerated
2,179451906,G,A	Neutral	Tolerated
10,75834567,G,A	Deleterious	Damaging
10,88476115,G,A	Neutral	Tolerated
20,30414640,G,A	Neutral	Tolerated
2,179393691,G,A	Deleterious	Tolerated
2,179398780,C,T	Deleterious	Tolerated
20,42814996,C,T	Deleterious	Damaging
10,112581547,G,A	Neutral	Tolerated
2,179506014,T,C	Neutral	Tolerated
2,179477634,A,C	Deleterious	Damaging
1,237604747,C,T	Neutral	Tolerated
20,42788536,G,A	Neutral	Tolerated
15,89876860,CC,CTGCC	Neutral	NA
13,52508979,C,T	Neutral	Tolerated
2,179604795,C,T	Neutral	Tolerated
X,53263460,C,T	Neutral	Damaging
X,53263460,C,T	Neutral	Damaging
3,38597180,G,A	Neutral	Tolerated
5,147506583,A,G	Neutral	Tolerated
7,107559502,A,C	Neutral	Tolerated
2,179642162,T,C	Neutral	Tolerated
6,112438956,C,A	Deleterious	Damaging
X,32490403,G,A	Deleterious	Damaging
X,32490403,G,A	Deleterious	Damaging
X,32490403,G,A	Deleterious	Damaging
X,32490403,G,A	Deleterious	Damaging
X,32490403,G,A	Deleterious	Damaging
2,179457530,C,T	Neutral	Tolerated
6,7542280,G,A	Neutral	Tolerated
2,113405303,C,T	Neutral	Tolerated
1,78399025,C,T	Deleterious	Damaging
6,7559460,C,T	Neutral	Damaging
1,237972212,C,T	Neutral	Tolerated
2,179393621,G,A	Neutral	Tolerated
14,23896859,A,G	Deleterious	Damaging
11,67800677,C,T	Deleterious	Damaging
12,33003706,T,C	Neutral	Tolerated
18,28671068,C,T	Neutral	Tolerated
17,73748558,C,T	Neutral	Tolerated
14,23855633,T,G	Deleterious	Damaging
2,179443924,G,A	Neutral	Tolerated
2,179563606,C,A	Deleterious	Damaging
17,48158680,A,G	Neutral	Tolerated
14,23859601,T,G	Deleterious	Damaging
14,23858852,C,T	Deleterious	Damaging
5,233687,G,A	Deleterious	Damaging
16,89574834,G,T	Neutral	Tolerated
2,179453287,C,T	Neutral	Tolerated
6,52319050,G,A	Deleterious	Damaging
8,144998793,C,T	Neutral	Tolerated
11,111782297,G,A	Neutral	Damaging
2,179395813,C,T	Neutral	Damaging
6,7582993,A,T	Deleterious	Damaging
X,25022805,C,T	Neutral	Tolerated
7,56088780,G,A	Neutral	Tolerated
22,19865928,G,A	Neutral	Tolerated
7,94227273,C,T	Neutral	Damaging
5,224548,G,A	Deleterious	Damaging
11,34969140,T,C	Deleterious	Damaging
12,22070033,C,A	Neutral	Tolerated
1,55518418,C,T	Neutral	Tolerated
14,29236932,C,T	Neutral	Tolerated
X,153649337,G,A	Neutral	Tolerated
X,153649337,G,A	Neutral	Tolerated
X,153649337,G,A	Neutral	Tolerated
X,153649337,G,A	Neutral	Tolerated
X,153649337,G,A	Neutral	Tolerated
X,153649337,G,A	Neutral	Tolerated
X,32486825,A,G	Neutral	Tolerated
X,32486825,A,G	Neutral	Tolerated
X,32486825,A,G	Neutral	Tolerated
X,32486825,A,G	Neutral	Tolerated
X,32486825,A,G	Neutral	Tolerated
2,179465612,A,G	Neutral	Tolerated
20,42788617,G,T	Neutral	Tolerated
1,237947123,C,T	Neutral	Tolerated
6,112469480,C,T	Neutral	Tolerated
14,23884699,T,C	Deleterious	Tolerated
2,179600638,G,A	Neutral	Tolerated
6,161970012,A,G	Neutral	Tolerated
1,156100531,C,T	Neutral	Tolerated
1,236925803,G,C	Deleterious	Damaging
10,121429645,G,A	Neutral	Tolerated
1,237961363,C,T	Neutral	Tolerated
17,59557507,A,G	Neutral	Damaging
8,144994064,G,A	Deleterious	Damaging
2,179442017,C,T	Neutral	Tolerated
2,179621184,G,A	Neutral	Tolerated
2,179444490,A,G	Neutral	Tolerated
7,56087364,G,T	Neutral	Tolerated
2,179429802,A,G	Neutral	Tolerated
1,20974999,C,T	Neutral	Tolerated
3,14172381,C,T	Neutral	Tolerated
10,70748784,G,A	Neutral	Tolerated
11,26655792,C,T	Neutral	Tolerated
1,78401709,G,A	Neutral	Damaging
2,179462440,G,A	Neutral	Tolerated
6,39876860,T,C	Neutral	Tolerated
17,14110179,C,T	Neutral	Tolerated
3,123167042,C,T	Neutral	Tolerated
12,33003790,T,C	Deleterious	Damaging
10,75397607,C,T	Neutral	Tolerated
X,153296418,G,A	Neutral	Tolerated
X,153296418,G,A	Neutral	Tolerated
X,153296418,G,A	Neutral	Tolerated
15,35085735,G,A	Neutral	NA
2,179439154,A,G	Deleterious	Tolerated
2,220283508,G,A	Neutral	Tolerated
1,237801698,G,C	Neutral	Damaging
2,179478567,T,G	Neutral	Tolerated
15,44907712,T,G	Neutral	Tolerated
7,56087365,A,G	Deleterious	Damaging
10,75397605,G,A	Deleterious	Damaging
6,118880123,AAGA,A	Deleterious	NA
14,74946968,A,G	Neutral	Tolerated
2,179452804,C,T	Neutral	Tolerated
6,7585967,G,C	Neutral	Tolerated
2,179424048,T,C	Neutral	Tolerated
2,179597777,G,A	Neutral	Tolerated
X,32536174,G,C	Neutral	Tolerated
X,32536174,G,C	Neutral	Tolerated
X,32536174,G,C	Neutral	Tolerated
X,32536174,G,C	Neutral	Tolerated
X,32536174,G,C	Neutral	Tolerated
X,32536174,G,C	Neutral	Tolerated
12,53069223,ACCTCCGGAGCCGTAGCTGCT,ACCTCCGGAGCCATAGCTGCT	Neutral	Tolerated
17,39913689,T,C	Neutral	Tolerated
19,13008577,C,T	Neutral	Tolerated
22,50962078,G,T	Neutral	Tolerated
11,6630962,C,T	Neutral	Tolerated
2,179417429,A,C	Neutral	Tolerated
6,7574938,C,T	Neutral	Tolerated
10,112583294,G,A	Neutral	Damaging
1,227076653,C,G	Neutral	Tolerated
18,29101156,T,G	Deleterious	Damaging
7,151257695,C,T	Neutral	Tolerated
14,23894581,T,A	Deleterious	Damaging
10,112544125,C,T	Deleterious	Damaging
6,112506496,G,A	Neutral	Tolerated
11,22301267,A,C	Neutral	Tolerated
2,179571644,C,T	Neutral	Tolerated
6,112463412,G,A	Deleterious	Damaging
1,237824177,T,C	Deleterious	Damaging
2,179410719,G,A	Neutral	Tolerated
2,179403946,C,T	Neutral	Tolerated
12,33031064,G,A	Neutral	Tolerated
18,21121072,T,C	Deleterious	Damaging
17,39913771,C,T	Neutral	Tolerated
2,179397260,T,C	Neutral	Tolerated
2,179402589,A,C	Neutral	Tolerated
2,179440182,A,G	Neutral	Tolerated
8,145001589,G,T	Neutral	Tolerated
8,144992049,G,A	Neutral	Tolerated
5,147506573,G,A	Neutral	Tolerated
10,75855541,C,T	Neutral	Tolerated
12,103246663,G,A	Neutral	Tolerated
2,179431314,G,A	Neutral	Tolerated
2,179605991,G,A	Deleterious	Tolerated
2,179482763,C,T	Deleterious	Tolerated
18,21394384,G,A	Neutral	Tolerated
2,179466212,G,A	Neutral	Tolerated
18,29104840,A,G	Neutral	Damaging
2,179395554,G,A	Neutral	Tolerated
10,75867020,C,T	Deleterious	Damaging
10,88476358,G,A	Neutral	Tolerated
10,121411283,G,T	Neutral	Tolerated
12,33031395,G,A	Neutral	Damaging
2,179393396,C,T	Neutral	Tolerated
6,7577260,C,T	Neutral	Tolerated
11,19206570,C,T	Deleterious	Damaging
2,179452861,A,G	Neutral	Tolerated
2,179434137,A,G	Neutral	Tolerated
2,179478639,T,A	Neutral	Tolerated
3,38655510,G,A	Deleterious	Damaging
1,236911012,G,A	Neutral	Tolerated
2,179517019,A,T	Neutral	Tolerated
2,179517230,C,T	Neutral	Tolerated
2,179537200,C,T	Neutral	Tolerated
22,19885574,G,A	Neutral	Tolerated
10,112557397,G,A	Neutral	Tolerated
18,29101067,A,C	Neutral	Tolerated
1,236917339,C,A	Neutral	Tolerated
2,179398697,A,G	Neutral	Tolerated
6,7580806,G,A	Neutral	Tolerated
18,32374091,G,A	Deleterious	Damaging
2,179468618,C,A	Neutral	Damaging
22,19867753,C,G	Neutral	Tolerated
1,237951365,G,C	Neutral	Tolerated
2,179577440,T,C	Neutral	Tolerated
10,88485941,G,A	Neutral	Damaging
17,17697131,AGCA,A	Neutral	NA
17,39915057,T,C	Neutral	Tolerated
17,38975307,TGCCGCCGTGGCC,T	Neutral	NA
2,179588838,G,A	Neutral	Tolerated
10,69882038,A,G	Neutral	Tolerated
1,3103004,G,A	Neutral	Damaging
2,179440728,T,C	Neutral	Tolerated
X,70598283,A,T	Neutral	Tolerated
X,70598283,A,T	Neutral	Tolerated
X,70598283,A,T	Neutral	Tolerated
X,70598283,A,T	Neutral	Tolerated
11,47371330,T,C	Deleterious	Damaging
11,111782389,G,A	Neutral	Tolerated
8,144990510,C,T	Neutral	Tolerated
1,236902765,C,T	Deleterious	Damaging
11,19209762,G,C	Deleterious	Damaging
6,7542253,G,A	Neutral	Tolerated
11,47358997,G,A	Neutral	Tolerated
12,33049457,C,A	Neutral	Damaging
1,156108341,G,A	Neutral	Tolerated
X,31196087,A,T	Neutral	Tolerated
X,31196087,A,T	Neutral	Tolerated
X,31196087,A,T	Neutral	Tolerated
X,31196087,A,T	Neutral	Tolerated
X,31196087,A,T	Neutral	Tolerated
X,31196087,A,T	Neutral	Tolerated
X,31196087,A,T	Neutral	Tolerated
X,31196087,A,T	Neutral	Tolerated
X,31196087,A,T	Neutral	Tolerated
X,31196087,A,T	Neutral	Tolerated
X,31196087,A,T	Neutral	Tolerated
X,31196087,A,T	Neutral	Tolerated
X,31196087,A,T	Neutral	Tolerated
11,47358984,TGCCGATGGCGTTGACCGCGTA,T	Deleterious	NA
2,179449186,G,A	Deleterious	Damaging
1,156104292,G,A	Neutral	Tolerated
14,23857395,G,T	Deleterious	Damaging
1,237948149,C,A	Neutral	Tolerated
3,48508366,G,C	Neutral	Tolerated
2,179399677,C,T	Neutral	Damaging
2,179489223,A,G	Neutral	Tolerated
2,179398784,G,A	Neutral	Tolerated
20,6064765,G,A	Deleterious	Damaging
2,179416801,A,C	Deleterious	Damaging
7,56087379,T,C	Neutral	Tolerated
18,29126235,T,G	Neutral	Damaging
11,19209751,G,A	Neutral	Tolerated
12,21995400,G,A	Neutral	Tolerated
2,179604698,T,C	Neutral	Tolerated
19,50412307,G,A	Neutral	Damaging
3,38639379,C,T	Neutral	Tolerated
10,121432087,G,A	Neutral	Tolerated
3,33059966,C,T	Deleterious	Damaging
2,179640171,A,T	Deleterious	Tolerated
1,236918420,C,T	Neutral	Tolerated
2,179393840,C,T	Neutral	Tolerated
2,179452520,C,T	Neutral	Tolerated
2,179438919,C,T	Neutral	Tolerated
14,23891481,C,T	Neutral	Tolerated
2,179514922,T,C	Neutral	Tolerated
6,160113703,C,T	Neutral	Tolerated
2,179632598,C,T	Deleterious	Tolerated
2,179441119,G,A	Deleterious	Tolerated
14,23883004,G,C	Deleterious	Damaging
6,7579584,AGAA,A	Deleterious	NA
20,42788759,C,G	Deleterious	Damaging
X,119580269,A,C	Deleterious	Damaging
X,119580269,A,C	Deleterious	Damaging
X,119580269,A,C	Deleterious	Damaging
X,119580269,A,C	Deleterious	Damaging
X,119580269,A,C	Deleterious	Damaging
X,119580269,A,C	Deleterious	Damaging
17,17700774,G,T	Neutral	Tolerated
1,237604651,A,G	Neutral	Tolerated
X,70598123,A,G	Neutral	Tolerated
X,70598123,A,G	Neutral	Tolerated
X,70598123,A,G	Neutral	Tolerated
X,70598123,A,G	Neutral	Tolerated
2,179428911,A,G	Neutral	Tolerated
12,22015951,G,A	Neutral	Tolerated
18,19378062,C,A	Neutral	Tolerated
2,179411212,G,A	Neutral	Tolerated
2,220284873,G,A	Deleterious	Tolerated
1,236924333,C,T	Deleterious	Damaging
2,179498336,C,T	Neutral	Tolerated
2,179599667,G,C	Deleterious	Tolerated
6,7585490,G,A	Neutral	Tolerated
18,29126108,T,G	Neutral	Damaging
17,39925339,T,C	Neutral	Tolerated
2,179414800,C,T	Deleterious	Tolerated
2,179422601,C,T	Neutral	Tolerated
2,179438859,G,A	Neutral	Tolerated
2,179514895,T,C	Neutral	Tolerated
19,55665408,T,C	Deleterious	Tolerated
14,23886103,G,A	Neutral	Tolerated
6,24532392,T,C	Neutral	Tolerated
6,7580564,A,T	Neutral	Tolerated
18,28666698,A,C	Neutral	Tolerated
X,31496403,G,A	Neutral	Tolerated
X,31496403,G,A	Neutral	Tolerated
X,31496403,G,A	Neutral	Tolerated
X,31496403,G,A	Neutral	Tolerated
X,31496403,G,A	Neutral	Tolerated
X,31496403,G,A	Neutral	Tolerated
X,31496403,G,A	Neutral	Tolerated
X,31496403,G,A	Neutral	Tolerated
X,31496403,G,A	Neutral	Tolerated
X,31496403,G,A	Neutral	Tolerated
X,31496403,G,A	Neutral	Tolerated
X,31496403,G,A	Neutral	Tolerated
X,31496403,G,A	Neutral	Tolerated
X,31496403,G,A	Neutral	Tolerated
2,179558336,C,T	Neutral	Damaging
11,111908155,C,T	Neutral	Tolerated
1,237811766,C,T	Neutral	Tolerated
X,18671574,C,T	Neutral	Tolerated
X,18671574,C,T	Neutral	Tolerated
18,21115469,G,A	Neutral	Tolerated
1,237944873,T,G	Deleterious	Damaging
3,14174427,A,T	Neutral	Tolerated
2,179425683,G,A	Neutral	Tolerated
22,19868190,C,G	Neutral	Damaging
3,123003524,G,A	Neutral	Tolerated
19,42474392,C,T	Neutral	Tolerated
2,179396279,G,A	Neutral	Tolerated
11,47364466,G,A	Deleterious	Damaging
2,109365521,C,T	Neutral	Tolerated
5,1409836,G,A	Neutral	Tolerated
20,30414603,C,T	Neutral	Tolerated
2,179395874,C,T	Neutral	Tolerated
16,4847824,C,T	Neutral	Damaging
2,179441932,G,A	Deleterious	Damaging
18,29122618,G,A	Neutral	Tolerated
8,144997023,C,T	Neutral	Tolerated
10,121429413,G,A	Neutral	Tolerated
2,109382936,T,A	Neutral	Tolerated
2,179578691,C,A	Neutral	Tolerated
10,112572055,C,T	Deleterious	Damaging
2,179436256,ATTG,A	Deleterious	NA
2,179427803,C,T	Neutral	Tolerated
2,179391754,A,G	Neutral	Tolerated
12,103237462,G,A	Neutral	Tolerated
17,17697125,AGCAGCAGCA,A	Deleterious	NA
2,220290674,G,A	Neutral	Tolerated
11,22242756,G,A	Neutral	Tolerated
18,32462067,G,A	Neutral	Damaging
2,220285297,C,T	Neutral	Tolerated
14,23888392,C,T	Neutral	Tolerated
2,179447755,G,A	Neutral	Tolerated
12,13716674,G,A	Neutral	Tolerated
2,166848367,C,T	Neutral	Tolerated
1,3102852,G,A	Neutral	Tolerated
2,179621353,G,A	Neutral	Tolerated
10,75849799,A,C	Neutral	Tolerated
17,37822174,C,T	Deleterious	Damaging
2,21235252,A,G	Neutral	Tolerated
18,32455301,G,A	Neutral	Tolerated
3,48613682,C,T	Neutral	Tolerated
1,78395131,A,C	Neutral	Damaging
2,166930100,G,T	Deleterious	Damaging
2,179469715,A,G	Neutral	Tolerated
6,112460443,C,T	Deleterious	Damaging
2,179397979,G,A	Deleterious	Damaging
X,153296728,G,C	Neutral	Tolerated
X,153296728,G,C	Neutral	Tolerated
X,153296728,G,C	Neutral	Tolerated
X,153296728,G,C	Neutral	Tolerated
X,153296728,G,C	Neutral	Tolerated
3,38647472,C,T	Neutral	Tolerated
1,237870340,C,T	Neutral	Tolerated
18,21124365,C,T	Neutral	Tolerated
2,179418306,C,T	Neutral	Tolerated
10,112572050,G,A	Neutral	Damaging
7,151573595,A,T	Neutral	Tolerated
12,52867059,C,T	Neutral	Tolerated
2,179431076,C,G	Deleterious	Damaging
2,179640894,G,A	Neutral	Tolerated
7,116199068,C,T	Neutral	Tolerated
10,88447027,T,C	Neutral	Tolerated
11,47354787,C,T	Neutral	Tolerated
18,11689674,CTGGCCC,C	Neutral	NA
13,51528055,A,G	Neutral	Tolerated
1,227071600,C,T	Neutral	Tolerated
2,109382170,A,G	Neutral	Tolerated
2,179542391,T,C	Neutral	Tolerated
1,156106981,C,T	Neutral	Tolerated
19,49469986,C,T	Neutral	Tolerated
11,65487567,G,C	Neutral	Tolerated
15,44914962,G,A	Neutral	Tolerated
1,236908041,C,T	Neutral	Tolerated
2,179600383,T,C	Neutral	Tolerated
19,55667982,A,G	Neutral	Tolerated
2,179466272,T,C	Neutral	Tolerated
1,3319479,G,A	Neutral	Tolerated
1,17313343,G,A	Neutral	Tolerated
1,17326594,G,A	Neutral	Tolerated
1,236902794,C,T	Deleterious	Damaging
1,3342307,C,T	Neutral	Tolerated
2,179539812,T,G	Neutral	Tolerated
14,23882985,G,C	Deleterious	Damaging
5,118788494,G,A	Neutral	Damaging
18,28672067,T,C	Neutral	Tolerated
14,23859371,G,A	Neutral	Tolerated
3,48623264,A,G	Neutral	Tolerated
18,28649042,T,C	Neutral	Tolerated
11,47359046,G,A	Deleterious	Tolerated
6,133849868,C,T	Neutral	Tolerated
12,22078977,A,G	Neutral	Tolerated
19,30193665,T,C	Neutral	Tolerated
2,179408310,C,T	Neutral	Tolerated
2,179403770,G,A	Neutral	Tolerated
12,32974302,G,A	Neutral	Tolerated
2,179416616,A,G	Neutral	Tolerated
1,237829823,C,T	Neutral	Tolerated
7,92083938,G,A	Neutral	Tolerated
1,237972323,C,T	Neutral	Tolerated
2,179456796,G,A	Neutral	Tolerated
X,32328248,A,C	Deleterious	Damaging
X,32328248,A,C	Deleterious	Damaging
X,32328248,A,C	Deleterious	Damaging
X,32328248,A,C	Deleterious	Damaging
X,32328248,A,C	Deleterious	Damaging
X,32328248,A,C	Deleterious	Damaging
X,32328248,A,C	Deleterious	Damaging
11,47367840,G,A	Neutral	Tolerated
3,14175262,T,C	Neutral	Tolerated
2,179434149,A,G	Neutral	Tolerated
6,7581196,G,A	Neutral	Tolerated
18,29101073,C,T	Neutral	Tolerated
X,100653436,G,C	Neutral	Tolerated
14,23884281,C,T	Neutral	Tolerated
2,179473628,C,T	Neutral	Tolerated
11,47360208,C,T	Deleterious	Damaging
2,179621511,A,G	Neutral	Tolerated
3,8787373,C,T	Neutral	Tolerated
12,32955383,C,T	Neutral	Tolerated
3,48632539,C,G	Neutral	Tolerated
2,179496998,C,T	Neutral	Tolerated
2,179449579,C,T	Neutral	Damaging
2,179423252,G,A	Neutral	Tolerated
17,78188556,C,T	Deleterious	Damaging
1,20977002,C,T	Neutral	Tolerated
1,156105904,G,A	Neutral	Tolerated
3,38645522,G,T	Deleterious	Damaging
1,237947219,T,C	Neutral	Tolerated
2,179575624,G,A	Neutral	Tolerated
12,21967618,C,T	Neutral	Tolerated
6,112450238,A,G	Neutral	Tolerated
2,179523214,C,T	Neutral	Tolerated
7,56087319,T,G	Neutral	Tolerated
2,179467100,C,T	Neutral	Tolerated
18,28648975,C,T	Neutral	Tolerated
1,236925835,C,T	Neutral	Tolerated
14,23899809,A,T	Deleterious	Damaging
14,23899793,G,A	Neutral	Tolerated
14,23855171,T,A	Deleterious	Damaging
2,179399634,C,T	Deleterious	Damaging
1,237872219,G,A	Neutral	Tolerated
3,52485773,G,A	Deleterious	Damaging
10,105815609,G,T	Neutral	Damaging
12,52845601,C,T	Deleterious	Tolerated
10,68940116,G,T	Deleterious	Damaging
2,179459294,C,T	Neutral	Tolerated
10,72644920,C,T	Deleterious	Damaging
X,99551442,G,C	Neutral	Tolerated
X,99551442,G,C	Neutral	Tolerated
X,99551442,G,C	Neutral	Tolerated
2,179596554,T,C	Deleterious	Tolerated
9,140777306,C,G	Deleterious	Damaging
2,179544687,C,CTCT	Neutral	NA
10,69934302,C,T	Deleterious	Damaging
6,7580540,A,G	Neutral	Tolerated
2,179451454,G,A	Deleterious	Damaging
6,7576527,G,A	Neutral	Tolerated
7,56087300,C,T	Deleterious	Damaging
2,179397977,G,A	Neutral	Tolerated
2,179623826,T,C	Neutral	Tolerated
19,16601332,G,A	Neutral	Tolerated
12,21971087,A,G	Neutral	Tolerated
20,42744316,C,CACCTCC	Neutral	NA
2,179549407,G,A	Deleterious	Damaging
1,156108491,C,T	Neutral	Tolerated
1,237947000,C,T	Neutral	Tolerated
2,179448393,G,A	Deleterious	Damaging
1,78392445,C,A	Neutral	Tolerated
7,56087399,G,A	Neutral	Tolerated
22,19882976,G,T	Neutral	Tolerated
2,50149133,C,T	Neutral	Tolerated
14,23885378,C,T	Neutral	Tolerated
2,179468704,A,G	Deleterious	Damaging
6,7580488,T,C	Neutral	Tolerated
11,47371599,G,A	Neutral	Tolerated
2,179645976,T,A	Deleterious	Tolerated
12,52867158,A,G	Deleterious	Tolerated
20,42744344,C,T	Neutral	Tolerated
1,237872273,C,T	Neutral	Tolerated
14,23874851,C,T	Neutral	Tolerated
2,179639711,C,A	Deleterious	Damaging
2,179463515,T,C	Neutral	Tolerated
1,237754020,C,T	Neutral	Tolerated
18,32374083,C,T	Neutral	Tolerated
2,179434005,T,C	Neutral	Tolerated
14,23855224,G,A	Neutral	Tolerated
2,179395761,G,A	Deleterious	Damaging
2,179429244,A,G	Neutral	Tolerated
19,42492088,G,A	Neutral	Tolerated
2,179481618,C,G	Deleterious	Damaging
2,220286231,T,C	Deleterious	Damaging
X,153296137,G,A	Neutral	Damaging
X,153296137,G,A	Neutral	Damaging
9,79820261,C,A	Neutral	Damaging
1,237942001,C,T	Neutral	Tolerated
18,32407638,G,A	Neutral	Tolerated
2,179392015,T,C	Neutral	Tolerated
2,179403445,A,G	Neutral	Tolerated
2,179604101,C,T	Deleterious	Tolerated
19,55665410,C,T	Neutral	Tolerated
9,80020874,C,A	Neutral	Tolerated
X,53277307,G,T	Neutral	Tolerated
X,53277307,G,T	Neutral	Tolerated
X,53277307,G,T	Neutral	Tolerated
6,7580386,G,A	Neutral	Tolerated
7,151261296,C,T	Neutral	Tolerated
14,23858709,G,A	Deleterious	Damaging
1,236917370,A,C	Neutral	Tolerated
1,237872252,G,T	Neutral	Tolerated
2,179585368,C,T	Neutral	Tolerated
2,179426219,T,C	Neutral	Tolerated
3,8787347,C,G	Neutral	Tolerated
22,50962103,C,G	Neutral	Tolerated
11,47371578,G,A	Neutral	Tolerated
5,1443151,G,A	Neutral	Tolerated
2,179585188,G,A	Neutral	Tolerated
2,179581971,C,T	Neutral	Damaging
2,179544700,TA,TTCTA	Neutral	NA
1,156106074,A,G	Neutral	Tolerated
16,89614451,C,T	Neutral	Tolerated
18,28648071,G,A	Neutral	Tolerated
5,89990155,C,T	Neutral	Tolerated
9,140850264,G,A	Neutral	Tolerated
9,108397496,A,G	Deleterious	Damaging
1,236908008,G,A	Neutral	Tolerated
7,151478392,G,A	Neutral	Tolerated
1,154569418,G,A	Neutral	Tolerated
1,8030994,G,A	Neutral	Tolerated
2,179593270,A,G	Neutral	Tolerated
10,75830834,T,G	Neutral	Tolerated
2,179412307,C,T	Deleterious	Damaging
6,7584617,C,T	Neutral	Tolerated
14,23896047,G,A	Neutral	Tolerated
2,220286142,G,A	Neutral	Tolerated
18,28660232,T,C	Neutral	Tolerated
18,29100771,T,C	Neutral	Tolerated
2,179437254,A,G	Neutral	Tolerated
5,90459675,C,T	Neutral	Tolerated
2,179426730,G,A	Neutral	Tolerated
7,56087409,G,A	Neutral	Tolerated
14,23858671,C,G	Neutral	Tolerated
15,35085592,T,C	Deleterious	NA
4,17513582,G,A	Neutral	Tolerated
2,179467226,G,C	Neutral	Tolerated
1,78383380,G,A	Deleterious	Damaging
2,179665279,G,A	Neutral	Tolerated
18,29104714,A,G	Neutral	Damaging
2,179403881,A,G	Neutral	Tolerated
X,31165400,G,A	Neutral	Tolerated
X,31165400,G,A	Neutral	Tolerated
X,31165400,G,A	Neutral	Tolerated
X,31165400,G,A	Neutral	Tolerated
X,31165400,G,A	Neutral	Tolerated
X,31165400,G,A	Neutral	Tolerated
X,31165400,G,A	Neutral	Tolerated
X,31165400,G,A	Neutral	Tolerated
X,31165400,G,A	Neutral	Tolerated
X,31165400,G,A	Neutral	Tolerated
X,31165400,G,A	Neutral	Tolerated
X,31165400,G,A	Neutral	Tolerated
X,31165400,G,A	Neutral	Tolerated
X,31165400,G,A	Neutral	Tolerated
X,31165400,G,A	Neutral	Tolerated
X,31165400,G,A	Neutral	Tolerated
X,31165400,G,A	Neutral	Tolerated
X,31165400,G,A	Neutral	Tolerated
10,105816862,C,T	Neutral	Tolerated
9,79955413,A,G	Neutral	Tolerated
2,179528038,A,C	Neutral	Tolerated
18,29122799,G,A	Neutral	Tolerated
15,44891002,A,G	Neutral	Damaging
2,179440163,C,G	Deleterious	Damaging
2,179404293,G,A	Neutral	Tolerated
11,26681856,C,T	Neutral	Tolerated
18,21269704,G,C	Neutral	Tolerated
1,3329051,G,A	Neutral	Tolerated
16,31196389,GGGGTGGCAG,G	Neutral	NA
1,78408482,A,G	Neutral	Damaging
16,29825022,C,T	Neutral	Damaging
18,29125833,T,C	Neutral	Tolerated
2,179586779,A,G	Neutral	Tolerated
3,38648256,G,A	Neutral	Tolerated
10,75863580,G,A	Neutral	Tolerated
14,23900639,C,T	Deleterious	Damaging
14,23888398,C,T	Neutral	Tolerated
2,179440044,C,T	Neutral	Tolerated
18,11689592,G,T	Neutral	Tolerated
12,32955434,G,C	Neutral	Tolerated
2,179592874,T,G	Neutral	Tolerated
10,112540855,G,A	Neutral	Tolerated
2,179605180,C,T	Neutral	Tolerated
2,179438722,G,A	Neutral	Tolerated
2,179579062,G,A	Neutral	Tolerated
2,179571595,C,T	Neutral	Tolerated
2,179517227,G,T	Neutral	Tolerated
10,69881405,AGAA,A	Deleterious	NA
3,14177324,G,A	Neutral	Tolerated
1,156106966,G,A	Neutral	Tolerated
15,63353451,A,G	Neutral	Tolerated
2,179404197,T,C	Neutral	Tolerated
2,179605180,C,A	Neutral	Tolerated
6,112508697,A,C	Neutral	Tolerated
1,237947171,G,A	Neutral	Tolerated
2,179549707,G,A	Neutral	Tolerated
22,19882946,G,A	Neutral	Tolerated
2,179595372,T,C	Deleterious	Tolerated
2,179438093,T,C	Deleterious	Tolerated
13,52548078,G,A	Neutral	Tolerated
2,179605726,G,C	Neutral	Tolerated
1,237617733,C,T	Neutral	Tolerated
2,179424243,A,G	Neutral	Tolerated
22,19868153,A,G	Deleterious	Damaging
14,23862962,G,A	Neutral	Tolerated
2,179410815,G,A	Neutral	Tolerated
2,179414177,G,A	Deleterious	Damaging
2,179436260,T,C	Deleterious	Damaging
20,42788766,A,G	Deleterious	Tolerated
2,179582853,T,C	Deleterious	Tolerated
6,112460365,C,T	Neutral	Damaging
1,3328441,C,T	Neutral	Tolerated
19,50365718,A,G	Neutral	Tolerated
2,179528582,C,G	Neutral	Tolerated
1,183205708,G,C	Neutral	Damaging
2,179605380,T,A	Neutral	Tolerated
8,144997849,G,A	Neutral	Tolerated
2,179414992,T,C	Neutral	Tolerated
12,52912921,G,T	Deleterious	Damaging
2,179404402,T,C	Neutral	Tolerated
X,18671655,G,A	Neutral	Tolerated
X,18671655,G,A	Neutral	Tolerated
14,23886409,G,C	Neutral	Damaging
10,102752964,C,T	Neutral	Tolerated
10,121431787,C,T	Neutral	Tolerated
2,179441295,T,C	Deleterious	Damaging
9,138678177,G,A	Neutral	Tolerated
2,179457524,T,C	Neutral	Tolerated
3,38648250,G,A	Neutral	Tolerated
12,111352001,T,G	Deleterious	Damaging
2,179594419,C,T	Neutral	Tolerated
12,53069222,CACCTCCGGAGCCGTAGCTGCT,C	Neutral	NA
3,38618192,G,A	Neutral	Tolerated
10,112541293,G,A	Neutral	Damaging
15,73616159,C,T	Neutral	Tolerated
2,220286185,C,T	Deleterious	Damaging
8,144997671,G,A	Neutral	Tolerated
11,47372894,C,T	Neutral	Tolerated
22,19929263,C,T	Neutral	Tolerated
14,23891521,A,G	Deleterious	Damaging
14,73678538,A,G	Neutral	Tolerated
2,44222918,G,C	Neutral	Tolerated
9,140772613,C,G	Deleterious	Tolerated
2,179440005,T,C	Neutral	Tolerated
2,179454274,A,G	Neutral	Tolerated
2,179435887,A,G	Deleterious	Tolerated
6,7559558,T,C	Neutral	Tolerated
16,89592874,A,G	Neutral	Tolerated
17,39925442,C,T	Neutral	Tolerated
6,7581338,G,A	Neutral	Tolerated
10,69881318,T,C	Neutral	Tolerated
X,32486704,T,C	Neutral	Tolerated
X,32486704,T,C	Neutral	Tolerated
X,32486704,T,C	Neutral	Tolerated
X,32486704,T,C	Neutral	Tolerated
X,32486704,T,C	Neutral	Tolerated
2,179428474,G,T	Neutral	Tolerated
14,23865978,A,G	Neutral	Tolerated
12,32993998,T,C	Deleterious	Damaging
22,19883063,G,A	Neutral	Tolerated
3,8787262,C,T	Neutral	Tolerated
18,32374005,C,G	Deleterious	Damaging
10,69948796,C,T	Neutral	Tolerated
X,153648515,C,T	Neutral	Tolerated
2,179434014,T,C	Neutral	Tolerated
2,179654789,G,C	Neutral	Tolerated
1,227073248,G,A	Neutral	Tolerated
3,52485867,G,A	Neutral	Tolerated
1,237778014,C,T	Neutral	Tolerated
9,138594134,G,A	Neutral	Tolerated
2,179407637,G,A	Deleterious	Tolerated
12,22015933,T,C	Deleterious	Damaging
10,75849921,T,C	Neutral	Tolerated
10,69905283,G,A	Neutral	Tolerated
1,17316730,G,A	Neutral	Tolerated
2,179440974,G,T	Neutral	Tolerated
22,19868228,G,A	Neutral	Tolerated
10,68526055,C,T	Neutral	Tolerated
2,179606590,T,C	Neutral	Tolerated
15,89864125,G,A	Neutral	Tolerated
1,237837448,G,A	Neutral	Tolerated
14,23862710,C,T	Neutral	Tolerated
14,23888440,G,A	Neutral	Tolerated
11,108380369,C,T	Neutral	Tolerated
2,179442020,A,G	Neutral	Tolerated
6,7579985,T,C	Neutral	Tolerated
3,38622437,C,T	Neutral	Tolerated
8,144995514,G,A	Neutral	Tolerated
1,17320259,G,A	Neutral	Tolerated
1,17332025,T,C	Neutral	Tolerated
3,123018996,G,A	Neutral	Tolerated
2,179598564,G,A	Neutral	Tolerated
3,38671840,G,A	Neutral	Tolerated
10,101486759,C,T	Deleterious	Damaging
9,132576387,C,A	Deleterious	Tolerated
2,179642552,T,A	Deleterious	Damaging
1,237872858,G,A	Neutral	Tolerated
11,47364145,A,T	Neutral	Tolerated
17,39728194,A,C	Neutral	Damaging
2,179410284,G,A	Neutral	Tolerated
2,179594590,T,A	Neutral	Tolerated
2,179579977,G,A	Deleterious	Tolerated
20,42744935,C,T	Neutral	Tolerated
15,89864369,A,G	Neutral	Tolerated
11,47371439,G,A	Neutral	Tolerated
2,179497133,C,T	Neutral	Tolerated
1,237666632,CTTC,C	Deleterious	NA
2,179413657,A,G	Deleterious	Damaging
6,112463333,G,A	Neutral	Tolerated
14,23852443,G,A	Neutral	Tolerated
1,3102888,G,T	Neutral	Tolerated
2,179456603,G,T	Neutral	Tolerated
15,44865000,T,C	Neutral	Tolerated
2,179575471,G,A	Neutral	Tolerated
1,237802485,G,A	Neutral	Tolerated
2,220285375,G,A	Neutral	Tolerated
2,179442821,T,G	Neutral	Tolerated
2,179584987,A,T	Neutral	Tolerated
1,237755076,A,G	Neutral	Tolerated
14,23885431,T,C	Deleterious	Damaging
3,123166430,C,T	Neutral	Tolerated
3,48626376,G,A	Neutral	Tolerated
12,52867151,C,A	Deleterious	Damaging
14,23902753,G,A	Neutral	Tolerated
X,153297692,G,T	Deleterious	Damaging
X,153297692,G,T	Deleterious	Tolerated
X,153297692,G,T	Deleterious	Tolerated
X,153297692,G,T	Deleterious	Damaging
X,153297692,G,T	Deleterious	Damaging
11,47369415,G,A	Deleterious	Damaging
2,179604589,G,A	Neutral	Tolerated
1,237895351,T,G	Neutral	Tolerated
17,39928098,C,G	Neutral	Tolerated
2,179446381,C,T	Neutral	Tolerated
1,3322175,G,A	Neutral	Tolerated
3,148925248,G,A	Neutral	Tolerated
5,1432686,G,A	Neutral	Tolerated
17,17697099,GC,AC	Neutral	Tolerated
11,47369443,G,A	Neutral	Tolerated
14,23858697,C,G	Neutral	Damaging
2,179500777,C,T	Deleterious	Tolerated
10,75860740,A,G	Deleterious	Tolerated
14,23871692,C,T	Neutral	Tolerated
2,179584900,T,C	Neutral	Tolerated
2,179598553,T,G	Deleterious	Tolerated
12,21981955,C,T	Neutral	Tolerated
12,53069223,ACCTCCGGAGCCGTAGCTGCT,ACCTCCGGAGCCGTAGCTGCC	Neutral	Damaging
15,89862237,C,T	Neutral	Tolerated
3,123046510,C,G	Neutral	Tolerated
18,32428317,G,A	Neutral	Tolerated
12,22047091,C,T	Neutral	Tolerated
14,23886155,A,G	Neutral	Tolerated
19,55667647,C,A	Neutral	Tolerated
2,179396573,T,G	Neutral	Tolerated
2,179587552,T,C	Neutral	Tolerated
X,153295937,C,G	Neutral	Damaging
X,153295937,C,G	Neutral	Damaging
6,7581636,G,A	Neutral	Tolerated
2,179462331,C,G	Neutral	Tolerated
2,179424396,T,C	Neutral	Tolerated
1,236882236,A,C	Deleterious	Damaging
2,179413452,G,A	Neutral	Tolerated
2,179423145,C,T	Deleterious	Damaging
14,23866440,G,A	Neutral	Tolerated
6,7585670,C,A	Neutral	Tolerated
10,112572605,G,T	Deleterious	Damaging
2,179408691,A,G	Neutral	Tolerated
14,23857459,G,A	Deleterious	Damaging
6,112480077,C,T	Neutral	Tolerated
2,149226880,G,T	Neutral	Tolerated
1,237821276,T,C	Deleterious	Tolerated
2,179432515,T,G	Deleterious	Damaging
11,111779649,G,A	Deleterious	Damaging
9,140952606,C,T	Neutral	Tolerated
3,38592637,G,A	Neutral	Tolerated
X,100652969,C,T	Deleterious	Damaging
17,39927960,G,A	Neutral	Tolerated
2,179398289,G,A	Neutral	Tolerated
2,179391949,A,G	Neutral	Tolerated
1,237608748,G,A	Neutral	Tolerated
2,179549131,C,T	Neutral	Tolerated
