12	32949167	T	C	benign
2	220285283	C	G	probably damaging
18	28660261	C	T	probably damaging
X	31676248	T	C	possibly damaging
7	151478249	C	T	probably damaging
2	179435968	G	A	possibly damaging
7	65439535	G	A	probably damaging
2	228563530	T	C	benign
2	179410184	C	T	probably damaging
2	179431633	C	T	probably damaging
9	79834890	A	G	benign
2	179426507	G	A	probably damaging
14	23863035	T	G	probably damaging
11	19204264	C	A	probably damaging
2	179410666	G	A	probably damaging
2	179584154	A	G	benign
6	112457383	G	T	probably damaging
14	23859652	G	T	probably damaging
2	179594059	T	C	benign
14	23887464	T	C	probably damaging
2	179587955	G	T	benign
2	179643775	C	T	probably damaging
6	112430662	A	G	benign
10	88439895	C	T	possibly damaging
20	42788704	G	C	probably damaging
18	29178610	C	T	probably damaging
X	119589400	C	A	benign
9	130941226	C	A	benign
2	179597600	C	T	benign
2	179431541	G	A	possibly damaging
2	220283354	C	T	benign
5	156074482	G	A	benign
3	148917570	G	A	probably damaging
14	55369314	G	A	benign
6	7579717	C	G	benign
10	112540884	C	A	benign
10	112581039	G	A	possibly damaging
22	19865708	C	A	benign
6	7571628	C	T	probably damaging
2	179404550	G	A	probably damaging
2	179473074	G	C	benign
15	44905678	G	A	possibly damaging
6	112471715	C	T	benign
10	121436054	C	T	benign
1	156100518	G	T	possibly damaging
11	19209756	C	A	probably damaging
11	2189124	T	G	possibly damaging
1	201333454	C	T	benign
2	179437928	T	C	benign
4	100512392	G	A	possibly damaging
15	73660154	T	C	benign
7	56087374	C	T	probably damaging
18	29125936	A	C	benign
8	144992269	G	A	possibly damaging
3	148899824	G	C	possibly damaging
22	38512181	C	T	probably damaging
2	179486223	C	T	benign
10	105819880	C	T	benign
11	47370041	T	C	benign
2	179418415	T	A	benign
1	236890979	T	A	probably damaging
14	23859571	G	A	probably damaging
10	88451790	G	A	probably damaging
X	31227699	C	T	probably damaging
2	179582063	A	T	benign
15	73622063	A	G	probably damaging
7	35242380	A	T	possibly damaging
4	120107272	G	A	probably damaging
2	179410282	A	G	possibly damaging
10	121429394	G	A	benign
14	23855274	C	T	probably damaging
2	179430158	T	C	benign
17	78185942	G	A	probably damaging
16	8906872	T	C	probably damaging
2	179486345	T	A	probably damaging
2	179447787	G	T	benign
2	179414321	G	T	possibly damaging
6	7581032	C	T	probably damaging
10	121429412	C	T	benign
2	179593449	T	C	benign
14	23862232	C	T	probably damaging
11	67803762	C	T	probably damaging
2	179396782	C	G	benign
3	38627457	C	T	probably damaging
2	179428967	C	T	probably damaging
1	237656365	C	T	probably damaging
1	237789017	G	A	benign
18	28654816	C	T	benign
10	92679985	C	G	benign
2	179399539	T	C	benign
3	38591853	A	G	benign
6	7565727	A	T	possibly damaging
2	179634961	C	A	probably damaging
9	79968362	T	C	benign
6	112513009	T	C	probably damaging
10	75834566	C	T	probably damaging
10	92676019	G	A	possibly damaging
X	32716015	T	C	benign
1	78383891	G	A	probably damaging
2	179584831	G	C	possibly damaging
6	112452195	C	T	benign
2	179642589	C	G	probably damaging
1	20975105	G	A	benign
18	21134743	G	A	possibly damaging
2	145187467	T	C	benign
6	7580346	G	A	benign
2	179482994	G	A	probably damaging
7	151573647	C	A	benign
X	119575587	G	A	probably damaging
X	32716024	G	A	benign
5	147481363	G	A	possibly damaging
1	201334399	C	T	probably damaging
5	90086955	G	A	benign
2	179396766	C	T	possibly damaging
1	236911004	C	T	probably damaging
18	29111030	G	C	benign
6	7578715	C	T	possibly damaging
2	179395573	C	T	probably damaging
2	179434120	G	A	possibly damaging
12	52867416	T	C	benign
12	22061030	T	C	benign
7	56088902	C	T	benign
2	179455731	C	G	probably damaging
2	179585312	G	A	benign
X	135289238	C	T	benign
7	65439513	G	A	benign
4	17506013	G	A	benign
11	71906438	C	T	benign
2	179393859	A	G	benign
14	23863351	G	A	probably damaging
1	237947500	C	A	probably damaging
6	7556022	G	A	probably damaging
7	151478348	C	T	possibly damaging
6	7571625	A	G	possibly damaging
2	179466400	T	C	probably damaging
2	179658175	C	T	benign
1	3329213	G	A	benign
15	73615084	G	A	benign
2	179628918	C	T	benign
2	179547465	C	T	benign
2	109370398	A	G	benign
12	33021934	A	G	benign
18	21124366	G	A	probably damaging
X	31227739	T	C	probably damaging
14	23857063	G	A	probably damaging
2	179437034	C	G	benign
18	32391956	T	C	benign
12	52845531	C	T	probably damaging
11	6630320	A	C	possibly damaging
2	220284876	C	T	benign
6	112441569	G	C	probably damaging
2	179591917	T	C	benign
11	2186495	G	C	possibly damaging
17	39923691	C	A	probably damaging
2	179582760	T	C	benign
22	19868177	C	T	benign
12	32994058	A	C	benign
9	131370267	C	G	benign
10	88441223	G	A	benign
2	179428299	G	T	probably damaging
2	179482089	C	T	probably damaging
2	179647533	C	T	possibly damaging
2	179599473	C	G	benign
18	28681903	T	C	benign
2	179472319	C	T	probably damaging
15	63354836	A	T	probably damaging
1	237774070	G	A	benign
14	23888815	T	G	probably damaging
11	47371589	G	A	probably damaging
2	179472662	G	A	probably damaging
6	7581641	G	A	benign
14	23857530	C	T	benign
X	32834681	C	T	possibly damaging
12	33031216	C	T	benign
3	38622502	C	T	probably damaging
8	42693110	C	T	probably damaging
14	23851679	C	G	probably damaging
2	179482533	G	T	benign
3	38645496	G	A	probably damaging
6	7581001	C	A	benign
10	69934062	C	T	benign
10	112572053	C	T	probably damaging
7	56087423	G	A	benign
6	112461010	C	A	probably damaging
5	1201769	G	T	benign
2	220288510	C	G	benign
10	112572197	A	G	probably damaging
1	237730059	C	T	benign
10	112541538	G	A	benign
2	179482937	C	T	probably damaging
9	79897155	A	G	benign
12	32977026	C	T	possibly damaging
14	66975271	C	G	benign
2	179436257	T	C	benign
2	179417091	C	T	probably damaging
22	19885573	C	G	probably damaging
12	22035731	C	T	possibly damaging
12	33049492	C	A	benign
15	72642919	G	A	probably damaging
14	23871926	C	T	benign
3	52486122	C	T	benign
17	59533867	G	A	benign
10	75866997	A	G	probably damaging
2	179482927	C	T	benign
17	40688535	G	A	probably damaging
2	179449131	G	A	benign
2	179396965	T	G	benign
2	50724817	G	A	probably damaging
12	33021938	T	C	benign
12	22028630	C	T	benign
2	179594107	G	C	benign
3	14176694	C	A	probably damaging
10	75873961	C	T	probably damaging
X	32834670	G	C	benign
11	26463582	C	T	probably damaging
14	23902351	A	T	probably damaging
17	39925713	C	T	possibly damaging
2	179393503	C	T	benign
14	55369176	G	A	benign
2	179401742	C	T	probably damaging
2	179628969	G	A	possibly damaging
11	2193001	C	T	benign
12	52845435	C	T	benign
2	179600367	T	A	benign
2	179400130	G	A	probably damaging
14	23891500	C	T	probably damaging
14	23852442	C	T	possibly damaging
2	179516261	G	T	possibly damaging
2	179395555	C	A	benign
6	112528295	A	G	possibly damaging
12	22015902	G	T	probably damaging
2	179477267	T	G	possibly damaging
10	69881388	G	A	probably damaging
19	16596063	C	T	probably damaging
2	179419479	T	C	probably damaging
15	73622045	C	T	benign
2	179586604	C	G	probably damaging
10	75834615	G	A	probably damaging
10	112595630	A	G	probably damaging
1	209805972	C	T	possibly damaging
17	40695582	C	T	probably damaging
1	236918369	G	A	possibly damaging
2	179569387	T	A	benign
2	179486037	C	A	possibly damaging
2	179584914	C	G	benign
X	32841450	T	C	possibly damaging
6	24495234	T	G	benign
5	156186321	G	A	probably damaging
3	14170981	C	T	probably damaging
1	237868517	C	T	probably damaging
2	179486376	C	T	probably damaging
3	38628904	C	T	possibly damaging
14	23873940	C	T	benign
9	108397456	A	G	benign
X	153608116	C	A	possibly damaging
X	76937207	C	G	benign
2	179665163	C	T	benign
2	179438077	C	T	possibly damaging
14	23855159	C	G	probably damaging
11	47354497	G	A	possibly damaging
12	32974352	G	A	probably damaging
15	89872227	G	A	benign
20	30407398	T	G	possibly damaging
10	69881590	C	T	benign
X	99662356	C	T	probably damaging
18	28666616	G	A	probably damaging
2	179438692	C	T	probably damaging
11	47356683	G	A	probably damaging
11	47372978	C	G	possibly damaging
11	47371414	C	T	benign
2	179455352	C	T	probably damaging
1	237821261	A	T	probably damaging
2	179654821	T	C	benign
2	179582913	C	T	possibly damaging
12	33049590	C	T	possibly damaging
11	47354869	G	C	probably damaging
1	236914923	A	G	benign
11	47367871	C	T	benign
11	47371598	C	T	possibly damaging
1	3348629	A	T	benign
6	112441506	T	A	possibly damaging
17	39780388	G	A	probably damaging
10	112541062	G	A	possibly damaging
2	179395521	G	A	benign
6	161807875	T	G	probably damaging
10	68280453	T	A	benign
2	179430224	G	T	benign
14	23871807	G	C	benign
2	179597259	T	C	probably damaging
3	52485829	C	T	probably damaging
2	179590329	C	T	probably damaging
2	179404498	G	C	probably damaging
15	35083338	C	A	probably damaging
X	119581776	C	T	probably damaging
10	88451715	A	G	probably damaging
X	41604839	A	C	probably damaging
11	47357479	C	T	benign
17	39912145	T	A	benign
X	31854849	T	C	benign
5	60448723	G	A	possibly damaging
2	179462345	C	T	probably damaging
1	227071517	G	C	probably damaging
3	52485422	G	A	benign
1	3342659	G	A	benign
6	7577213	G	A	benign
2	179446406	G	A	probably damaging
2	179477529	C	G	probably damaging
2	179472223	A	G	probably damaging
1	236910986	G	T	possibly damaging
1	237947353	G	A	probably damaging
2	228564010	C	T	benign
2	179428901	C	T	benign
15	73621931	G	A	probably damaging
2	179425966	C	T	possibly damaging
2	179567340	G	A	benign
2	179588996	C	T	benign
10	75832580	G	A	probably damaging
2	179453429	G	A	benign
1	183209311	C	T	benign
2	179429578	T	G	benign
4	120079220	T	C	benign
1	237843828	C	T	possibly damaging
2	179597743	C	T	benign
13	52534410	C	T	benign
9	138678248	C	T	benign
14	23863383	C	T	benign
14	23851737	C	T	probably damaging
2	179399576	C	G	probably damaging
2	179454530	C	T	probably damaging
16	2547034	C	G	benign
6	7585725	A	G	probably damaging
2	179585187	C	T	probably damaging
15	44856764	A	G	probably damaging
6	7580958	A	G	benign
22	38519194	A	G	possibly damaging
10	88441337	G	A	benign
10	75834567	G	A	probably damaging
20	30414640	G	A	benign
2	179393691	G	A	benign
2	179398780	C	T	benign
20	42814996	C	T	probably damaging
10	112581547	G	A	benign
2	179477634	A	C	probably damaging
X	53263460	C	T	benign
5	147506583	A	G	benign
2	179642162	T	C	benign
6	112438956	C	A	probably damaging
X	32490403	G	A	possibly damaging
1	78399025	C	T	probably damaging
6	7559460	C	T	probably damaging
14	23896859	A	G	probably damaging
11	67800677	C	T	possibly damaging
12	33003706	T	C	possibly damaging
18	28671068	C	T	benign
14	23855633	T	G	possibly damaging
2	179563606	C	A	benign
17	48158680	A	G	benign
14	23859601	T	G	probably damaging
14	23858852	C	T	probably damaging
5	233687	G	A	probably damaging
6	52319050	G	A	probably damaging
11	111782297	G	A	benign
2	179395813	C	T	benign
6	7582993	A	T	probably damaging
5	224548	G	A	probably damaging
11	34969140	T	C	probably damaging
14	23884699	T	C	possibly damaging
1	236925803	G	C	possibly damaging
10	121429645	G	A	benign
17	59557507	A	G	possibly damaging
8	144994064	G	A	probably damaging
10	70748784	G	A	benign
1	78401709	G	A	probably damaging
6	39876860	T	C	benign
12	33003790	T	C	probably damaging
2	179439154	A	G	benign
1	237801698	G	C	benign
7	56087365	A	G	possibly damaging
10	75397605	G	A	probably damaging
X	32536174	G	C	possibly damaging
17	39913689	T	C	benign
10	112583294	G	A	benign
18	29101156	T	G	benign
14	23894581	T	A	probably damaging
10	112544125	C	T	benign
11	22301267	A	C	benign
6	112463412	G	A	probably damaging
1	237824177	T	C	possibly damaging
2	179403946	C	T	benign
18	21121072	T	C	probably damaging
17	39913771	C	T	benign
2	179482763	C	T	benign
18	29104840	A	G	possibly damaging
2	179395554	G	A	benign
10	75867020	C	T	possibly damaging
12	33031395	G	A	benign
11	19206570	C	T	probably damaging
3	38655510	G	A	probably damaging
2	179517230	C	T	benign
2	179537200	C	T	benign
18	32374091	G	A	benign
2	179468618	C	A	probably damaging
1	237951365	G	C	benign
10	88485941	G	A	probably damaging
1	3103004	G	A	benign
X	70598283	A	T	benign
11	47371330	T	C	possibly damaging
1	236902765	C	T	probably damaging
11	19209762	G	C	probably damaging
12	33049457	C	A	benign
2	179449186	G	A	probably damaging
14	23857395	G	T	possibly damaging
2	179399677	C	T	benign
20	6064765	G	A	benign
2	179416801	A	C	probably damaging
18	29126235	T	G	benign
19	50412307	G	A	benign
3	33059966	C	T	probably damaging
2	179640171	A	T	probably damaging
2	179632598	C	T	possibly damaging
2	179441119	G	A	benign
14	23883004	G	C	probably damaging
20	42788759	C	G	probably damaging
X	119580269	A	C	possibly damaging
12	22015951	G	A	benign
2	220284873	G	A	probably damaging
1	236924333	C	T	possibly damaging
2	179599667	G	C	benign
18	29126108	T	G	benign
17	39925339	T	C	benign
2	179414800	C	T	probably damaging
19	55665408	T	C	possibly damaging
6	7580564	A	T	benign
2	179558336	C	T	benign
11	111908155	C	T	benign
1	237944873	T	G	probably damaging
3	14174427	A	T	benign
11	47364466	G	A	probably damaging
16	4847824	C	T	benign
2	179441932	G	A	possibly damaging
18	29122618	G	A	benign
2	109382936	T	A	benign
10	112572055	C	T	probably damaging
2	179427803	C	T	benign
2	220290674	G	A	benign
18	32462067	G	A	benign
10	75849799	A	C	benign
17	37822174	C	T	probably damaging
1	78395131	A	C	benign
2	166930100	G	T	probably damaging
6	112460443	C	T	probably damaging
2	179397979	G	A	possibly damaging
X	153296728	G	C	benign
2	179418306	C	T	benign
10	112572050	G	A	probably damaging
12	52867059	C	T	benign
2	179431076	C	G	probably damaging
1	236902794	C	T	probably damaging
2	179539812	T	G	benign
14	23882985	G	C	probably damaging
3	48623264	A	G	benign
18	28649042	T	C	benign
11	47359046	G	A	probably damaging
12	22078977	A	G	benign
19	30193665	T	C	benign
X	32328248	A	C	possibly damaging
3	14175262	T	C	benign
14	23884281	C	T	benign
11	47360208	C	T	probably damaging
2	179449579	C	T	probably damaging
17	78188556	C	T	probably damaging
3	38645522	G	T	possibly damaging
7	56087319	T	G	benign
18	28648975	C	T	benign
14	23899809	A	T	probably damaging
14	23855171	T	A	probably damaging
2	179399634	C	T	probably damaging
3	52485773	G	A	benign
10	105815609	G	T	benign
12	52845601	C	T	benign
10	68940116	G	T	probably damaging
10	72644920	C	T	probably damaging
X	99551442	G	C	benign
2	179596554	T	C	benign
9	140777306	C	G	probably damaging
10	69934302	C	T	probably damaging
6	7580540	A	G	benign
2	179451454	G	A	probably damaging
7	56087300	C	T	possibly damaging
2	179549407	G	A	benign
2	179448393	G	A	benign
7	56087399	G	A	benign
2	179468704	A	G	benign
2	179645976	T	A	possibly damaging
12	52867158	A	G	benign
2	179639711	C	A	probably damaging
2	179395761	G	A	benign
2	179481618	C	G	possibly damaging
2	220286231	T	C	possibly damaging
X	153296137	G	A	possibly damaging
9	79820261	C	A	probably damaging
9	80020874	C	A	benign
14	23858709	G	A	probably damaging
1	236917370	A	C	benign
2	179426219	T	C	benign
3	8787347	C	G	benign
2	179581971	C	T	possibly damaging
5	89990155	C	T	benign
9	108397496	A	G	probably damaging
1	8030994	G	A	benign
2	179412307	C	T	probably damaging
15	35085592	T	C	probably damaging
1	78383380	G	A	probably damaging
18	29104714	A	G	possibly damaging
10	105816862	C	T	benign
9	79955413	A	G	benign
18	29122799	G	A	benign
15	44891002	A	G	benign
2	179440163	C	G	probably damaging
1	3329051	G	A	benign
1	78408482	A	G	benign
16	29825022	C	T	possibly damaging
14	23900639	C	T	possibly damaging
10	112540855	G	A	benign
2	179438722	G	A	benign
2	179571595	C	T	benign
2	179517227	G	T	benign
2	179549707	G	A	benign
2	179595372	T	C	benign
2	179438093	T	C	benign
22	19868153	A	G	probably damaging
2	179414177	G	A	probably damaging
2	179436260	T	C	possibly damaging
20	42788766	A	G	possibly damaging
2	179582853	T	C	benign
6	112460365	C	T	probably damaging
1	183205708	G	C	benign
8	144997849	G	A	benign
2	179414992	T	C	benign
12	52912921	G	T	probably damaging
2	179404402	T	C	benign
14	23886409	G	C	benign
2	179441295	T	C	probably damaging
12	111352001	T	G	probably damaging
10	112541293	G	A	benign
15	73616159	C	T	benign
2	220286185	C	T	probably damaging
11	47372894	C	T	benign
22	19929263	C	T	benign
14	23891521	A	G	probably damaging
9	140772613	C	G	benign
2	179435887	A	G	benign
6	7581338	G	A	possibly damaging
X	32486704	T	C	benign
2	179428474	G	T	benign
12	32993998	T	C	probably damaging
18	32374005	C	G	possibly damaging
2	179407637	G	A	benign
12	22015933	T	C	possibly damaging
10	69905283	G	A	benign
6	7579985	T	C	probably damaging
10	101486759	C	T	benign
9	132576387	C	A	benign
2	179642552	T	A	probably damaging
2	179579977	G	A	benign
2	179413657	A	G	benign
15	44865000	T	C	benign
1	237802485	G	A	benign
1	237755076	A	G	benign
14	23885431	T	C	possibly damaging
12	52867151	C	A	benign
X	153297692	G	T	probably damaging
11	47369415	G	A	possibly damaging
2	179446381	C	T	benign
3	148925248	G	A	possibly damaging
14	23858697	C	G	probably damaging
2	179500777	C	T	benign
10	75860740	A	G	probably damaging
2	179598553	T	G	probably damaging
3	123046510	C	G	benign
X	153295937	C	G	benign
6	7581636	G	A	benign
2	179462331	C	G	benign
1	236882236	A	C	probably damaging
2	179423145	C	T	probably damaging
10	112572605	G	T	benign
14	23857459	G	A	probably damaging
1	237821276	T	C	possibly damaging
2	179432515	T	G	probably damaging
11	111779649	G	A	probably damaging
X	100652969	C	T	possibly damaging
2	179549131	C	T	benign
